obj_reference,sbj_reference
"Based on the information provided, the Logitech Laser Mouse Business Edition is plug-and-play USB compatible with both Mac and PC, including Windows XP, Windows Vista, Windows 7, Windows 8, and Mac OS version 10.5+. It has a 6-foot cable length, micro-precision vertical scroll, and left/right tilt. It is designed to provide comfort and accuracy for all-day workers.","Numerous customers have expressed affirmation with compatibility of Logitech Laser Corded Mouse M318e, Business Edition with PC laptops, they say the Logitech M318e mouse works with any PC laptop that has a USB port, regardless of the operating system. It may not work with extra thumb buttons on some systems."
"Based on the information provided, there is no direct answer to the question. The product information mentions the product's compatibility with multiple Brother Inkjet Printers and that it is a Brother Genuine cartridge. However, there is no mention of the packaging or if it comes in an original Brother's box.","Upon analyzing the feedback about the authenticity and packaging of Brother Genuine Standard Yield Color Ink Cartridges, LC613PKS, it is clear that most people have a positive outlook. Many individuals have very positive attitude, they say the product is an original BROTHERS ink cartridge and comes in the original box. While a proportion hold a poor opinion, they report that the cartridges were not in original packaging and were not original Brothers cartridges. Some of the cartridges failed to work."
"Based on the information provided, this grain mill is hand-powered and can grind up to 20 lb of livestock feed per day. It is made of solid cast aircraft aluminum, has a V-groove flywheel, and comes with a lifetime warranty. It also includes a Corn & Bean Auger accessory to grind larger items with ease. The mill is adjustable and has FDA approved food-grade powder coating, double-sealed industrial-grade ball bearings, and high-carbon steel grinding plates.","Most of the responses to the power source and grinding capacity of the Country Living Grain Mill with Large Corn & Bean Auger are neutral in tone, with customers providing a balanced assessment of the product, they say the product is powered by hand, but can be converted to electric power. It can grind up to 20lbs a day by hand, but may require a motor for that amount. It is suitable for cracking grains for livestock. Nevertheless, a part pf people hold a positive view, they say the mill can be powered by electricity and can grind up to 20 lbs of grain per day, but a motor is necessary. The hand grinder can be rigged to a bike or motor. Yet, only a small percentage of people have disappointed opinions, and they say the mill is hand-cranked but can be motorized. It is great for grinding flour but not recommended for livestock grains, even though it can handle up to 20 lb a day."
"Based on the information provided, the Simple Connect 42-inch Corner TV stand can hold up to most 50-inch flat panel TV's. The dimensions of the stand are 42 inches wide, 15.9 inches deep, and 21.3 inches high. It features wire management access holes, 1 adjustable shelf, and 2 framed doors. Unfortunately, there's no information regarding the width of the front of the stand to compare with the TV width.","The feedback gathered about the compatibility of Simple Connect 90029 42-Inch Corner TV Stand with a 50"" TV that measures 46"" wide and the width of the stand's front indicates a predominantly negative sentiment. Many people are disappointed with the product, they report that this TV stand measures 42 inches across the front, so a 50 inch TV would stick out 4 inches on each side. They are unsure about weight limitations. Nonetheless, a proportion of people hold a favorable outlook, and they say the front of the stand measures 42 inches, and it should work for a 50"" TV, but the TV might hang over a couple of inches on the sides. Even so, only a few people have balanced feedbacks, and they say the stand is 42"" wide and recommend a TV slightly smaller than the width. An overhang will occur with a 50"" TV."
"Based on the information provided, the GolfBuddy Voice GPS has a rechargeable battery that is included and last up to 9 hours after a charge. It is unclear why the device is not holding a full round of charge. The customers should check with the manufacturer or the manual.","When it comes to the battery life of GolfBuddy Voice GPS, the responses are mixed, with some users expressing positive views and others having negative experiences. On the positive side, they suggest contacting GolfBuddy to check and possibly replace the battery, as it should last for more than 18 holes. However, on the negative side, they report that the GolfBuddy device lasts for 18 holes after charging and does not have a replaceable battery. Moreover, there are also some people who reply objectively, and they suggest fully discharging and charging the unit for better results. Some believe there is a non-replaceable battery, but it may need to be replaced to get a full round of use."
"Based on the information provided, there is no information on how many others have experienced stalks or other foreign objects in the bag of Bob's Red Mill Chia Seeds. The product is gluten-free, rich in omega-3 and omega-6 fatty acids, protein, and fiber, and can be added to various foods such as smoothies, yogurt, or hot cereal for added nutrition.","The opinions to the presence of stalks, dirt, and sand in Bob's Red Mill Chia Seeds and its effect on customers' teeth are mostly neutral, and they report no issue with the bags of seeds containing dirt, sand, or stalks that damaged teeth. And some others have a favorable opinion, they say that most buyers do not experience foreign matter in Bob's Red Mill Chia seeds, with one buyer reporting tooth injury. Even so, only a few people have criticism with the product, and they do not know the country of origin for the Chia Seeds, as there is no information on the package or website."
"Based on the information provided, the product description and feature bullets mention it is a 4-light torchiere floor lamp with white square-sided glass, a bronze finish, and can be used with incandescent, LED, halogen or CFL bulbs. While the brightness level required for reading is subjective, it can be dimmed with compatible dimmers and bulbs.","Overall, customers have expressed mixed opinions about the brightness of Light Tree Four Light Bronze Torchiere Floor Lamp for reading, on the positive side, they say the light is bright enough to read, but the brightness depends on the wattage and color of the bulbs used. Some recommend a specific type of bulb and others feel unsatisfied, they say the light may not be bright enough for reading due to the milky color of its globes. Some prefer lower wattage for softer lighting. The rest of other customers have provided objective feedback, and they report that the light is pretty bright with four 60-watt bulbs, but not ideal for reading as the lights are shining up, not down."
"Based on the information provided, we do not have any specific information regarding the strength of the Winchester Air Rifle model M14. However, it is a powerful and reliable semi-automatic gun which shoots both BBs and pellets with a maximum velocity of 700 feet per second and has a maximum shooting distance of 280 yards.","Most of the responses to the strength of the Winchester Model M 14 Semi-Automatic CO2 Air Rifle are neutral in tone, with customers providing a balanced assessment of the product, they report that it does well for backyard plinking, meeting their needs since they cannot discharge firearms within town limits. Nevertheless, a part pf people hold a optimistic view, they report that the product is made of high-impact polymer and has some internal metal parts, making it durable. It is also relatively powerful, with a measured 650-690 fps with standard lead pellets and BBs."
"Based on the information provided, the BatteryMINDER Plus is a 3-mode maintenance charger/desulfator that can extend the life of all types of 12 Volt lead-acid batteries, including those used for Powerwheels. The Model 12117 automatically dissolves harmful power-robbing sulfation using safe, low voltage, patented high-frequency pulse technology. The charger can maintain up to four 12 Volt standard batteries in parallel and comes with overcharge and polarity reversal protection.","The overall feedback from customers about compatibility of BatteryMINDer Model 12117 desulfator with 12V Powerwheels battery has been mixed, several customers hold positive views, they say the desulfator works with any 12V battery, including Powerwheels batteries, but it may take a week or more to desulfate a bad battery while the others have expressed disappointment opinions, they don't recommend the desulfator for sealed lead acid batteries in Powerwheels. Buying a new battery is a better option. The rest of other customers have provided objective feedback, and they are unsure if the desulfator will work for a 12V Powerwheels battery and suggest checking with the manufacturer due to different technologies."
"Based on the information provided, the product requires low power, is easy to set up, and has a 1-year warranty. However, there is no information available on how long the motor lasts, or how difficult it is to replace or install. Customers with specific product questions can contact PetSafe Customer Care.","The responses collected regarding the durability and replacement of PetSafe Simply Clean Automatic Litter Box System's motor based on customer reviews suggest that the product has generated a range of opinions among users. While some users have positive experiences with the product, they report that the motor may fail due to dust build-up, but it is easy to replace with a warranty. Some have replaced it with more durable motors. And others encounter issues, they report that the motor is prone to failure and can last for only 1-2 years. Replacing it is not difficult if a new one is available. The rest of other customers have provided objective feedback, and they have expressed concerns about the potential for motor failure, but others have not experienced any issues. The average use of a similar machine is around two years."
"Based on the information provided, the Black & Decker RB-3612 Battery and Charger adds extra runtime for CM1936, SPCM1936 & CTL36 mowers and tillers. The set includes an additional battery and charger, making it ideal for larger properties. The 2-year warranty ensures maximum performance. Unfortunately, there's no information about the battery life.","Upon analyzing the feedback about the lifespan of Black & Decker RB-3612 Battery and Charger for Mowers and Tillers, 36-Volt, it is clear that most people have a positive outlook. Many individuals have very positive attitude, they report that the battery lasts for 30-45 minutes and may need replacement after several hundred charges. Some recommend purchasing a second battery. While a proportion hold a impartial opinion, they report that the battery lasts around 45 minutes to an hour, and recommend buying a second to complete larger lawns. Additionally, it is important to keep the battery charged during off-season."
"Based on the information provided, the Razer Ferox is a portable speaker system that offers 360 omni-directional sound, optimized digital amplification, and an expanded bass resonance chamber. It comes with a carrying case and has a battery life of up to 12 hours. However, there is no information provided in the given description, feature bullets or attributes about the Razer Ferox being Bluetooth compatible.","Upon examining the responses to the compatibility of Razer Ferox Mobile PC Gaming Speakers with Bluetooth technology, it is evident that most people have a negative impression, they state that the product is not Bluetooth compatible and can only be used with USB or plugged into a computer. Some report that the product has a short lifespan. And some others have a impersonal opinion, they report that the product is not Bluetooth compatible and only has an audio cable option according to the tech specs."
"Based on the information provided, it is not clear whether the game can work with a joystick or not. However, the game features intense combat with oversized Nazi robots, player-controlled Nazi war machines and Super Soldiers, along with underwater exploration and vehicle chases. The game also has advanced Nazi-tech that can be collected by breaking into research facilities and weapon stashes. The game is mature rated and was released on May 20, 2014.","The responses to compatibility of Wolfenstein: The New Order with a joystick are varied, with some users reporting positive results and noting that they confirm that the game will work with an Xbox One controller as a joystick alternative. And they report positive experiences with it. However, other users have had negative opinions, they report technical difficulties including software and operating system requirements and suggest seeking help from the game's platform, Steam. Moreover, there are also some people who reply objectively, and they report mixed opinions about the game's compatibility with a joystick, with some saying yes and some saying no."
"Based on the information provided, the CB-2LX Battery Charger is compatible with Canon NB-5L batteries which are used in Canon PowerShot (S100, S110, SX230 HS). However, it's unclear if it is compatible with Canon PowerShot 310hs specifically.","Opinions about the compatibility of the Canon Battery Charger CB-2LX with Canon Power Shot 310hs tend to be more positive. Most are taking a positive view, they suggest checking the specs of the battery before using the charger for the Canon Power Shot 310hs. It may not be compatible. Other people have impartial opinions, they suggest checking the description and Prime availability, and claim a possible return option if the battery doesn't fit."
"Based on the information provided, the Hoover canister vacuum is designed with WindTunnel technology to capture dirt particles and featuring HEPA filter, variable suction option, and a one-year warranty. However, the given information is not sufficient to warrant a conclusion on Amazon's refund policy or the vacuum's belt defect.","When examining the responses to a complaint regarding the Hoover WindTunnel Canister Vacuum's quality and Amazon's return policy, it becomes clear that most people have a positive perception, they report Hoover replaced their faulty vacuum with a new one that works well despite complaints by others. While only a percentage holds a unsatisfied view, they claim Hoover Wind Tunnel vacuums have a design flaw causing malfunctions, while both Hoover and Amazon refuse full refunds or replacements Meanwhile, only a few people state neutrally, and they clarify that Peter Hoagland's comment is not relevant to the discussion on the canister vacuum's overall reliability after 6 months."
"Based on the information provided, this mahogany finished knee chair is designed ergonomically. It has a recommended maximum weight capacity of 200 pounds and is equipped with casters. The seat is made of black memory foam and the overall dimensions are 24 x 18.25 x 23.55 inches (LxWxH).","Based on the responses gathered about the weight limit of the Office Star Ergonomically Designed Knee Chair with Casters, Memory Foam and Mahogany Finished Wood Base in Black, it's clear that opinions are divided. While some users have a positive experience with the product, they report a weight limit of around 250lbs, but some users over 190lbs say they had no issues with the chair and a small part has negative experiences, they say the weight limit is not an issue for someone weighing 175 lbs, but extended use can cause knee soreness. The rest of other customers have provided objective feedback, and they are unsure of the weight limit and suggest contacting the manufacturer for detailed information about materials for a more accurate calculation."
"Based on the information provided, the OXO GOOD GRIPS Citrus Juicer has two reamers that are perfect for lemons, limes, oranges, and small grapefruits, and features a soft, comfortable grip. The product disassembles for easy cleaning and is dishwasher safe, making it easy to use for those with declining hand strength. Additionally, measurement markings on the container ensure perfect amount of juice for any recipe.","The responses to the ease of juicing using OXO Good Grips Double-Sided Citrus Juicer for someone who is losing strength in their hands are varied, with some users reporting positive results and noting that they say it's easy to juice with this juicer even for those losing strength in their hands. Rubber footing ensures stability and two reaming sizes accommodate different fruits. However, other users have had negative opinions, they recommend considering an electric juicer as the manual twisting of lemons or oranges may be difficult for those losing strength in their hands. Moreover, there are also some people who reply objectively, and they suggest purchasing an electric juicer as it would have more longevity and be easier to use for those losing strength in their hands."
"Based on the information provided, the assembled height of the Montello console table is 8 inches and the assembled width is 19 inches, which confirms that it is indeed 19 inches high as described. However, it is a console table and not designed to be a knee-high table.","When considering the responses to the height of Hillsdale Montello Console Table as described in the product description, many users enjoy using the product, they all confirm that their console table does not have any problems with creating gaps between the table and wall. Meanwhile, there are a few customers who have different attitudes, they clarify that the table surface is at 30 inches despite the description stating the piece is only 19 inches high."
"Based on the information provided, the Big Max ceramic drinking fountain has replaceable charcoal filters to provide clean and healthy water. The product details also provide troubleshooting steps. However, there is no specific information available about the pump being plastic or any smell around it.","After reviewing the responses to the material and smell around the pump of Pioneer Pet Big Max Ceramic Drinking Fountain, it appears that the majority of users have positive experiences with the product. Specifically, many users appreciate it, they report the pump is plastic but with proper cleaning, there won't be any smell. The pump is sometimes replaced after 3 months. However, there are a few users who expressed rational views, they report that the fountain pump is a common issue, but easily replaceable. No noticeable plastic smell. Even so, only a few people have criticism with the product, and they report that the plastic pump of the fountain is small, doesn't make much noise, and needs regular cleaning to avoid stink. Overall, the ceramic fountain is easier to clean."
"Based on the information provided, the faucet height of this InSinkErator H-CONTOUR-SS hot water dispenser is 5.8 inches above the kitchen counter. This unit delivers 60 cups per hour of water at 200 F and requires a 1-1/4-inch to 1-1/2-inch diameter hole and a 3-inch maximum counter thickness for installation.","After analyzing the responses about the height of the InSinkErator H-CONTOUR-SS Invite Contour Instant Hot Water Dispenser System above the kitchen counter, most users hold the positive view, they say the unit is around 5.5 to 6 inches above the kitchen counter with a good-sized handle and spigot, perfect for having boiling water at all times. While a part of users who have fair opinions, they report that the faucet portion of the product is 5 1/2"" tall when installed above the kitchen counter. Yet, only a small percentage of people have disappointed opinions, and they report that the hot water valve handle on their unit is 4 3/8 inches above the sink-cabinet surface with 1 inch thickness, while other models can have taller levers up to 6 inches."
"Based on the information provided, the Circus Canopy Tent is 3 feet diameter and 10 feet long with multicolored blue, red, yellow, and orange polyester materials. Clear nylon ribbons come with each tent. The product can be set up indoors and is suitable for children aged 36 months to 3 years old.","Almost all customers have reported that indoor set up of Fun Express Big Top Canopy Tent has exceeded their expectations, they say it is easy to set up indoors using a hook, pole or stand. It comes altogether and does not require any additional materials or tools."
"Based on the information provided, the Sharpie Pen has a quick-drying, fade-resistant, and smear-proof ink that won't bleed through paper. However, there is no specific information on how long the ink lasts, so it is unclear if the pen runs out of ink easily.","Customers have been thrilled with the ink longevity of Sharpie Stainless Steel Grip Pen, Fine Point (0.8mm), Black, 1 Count, they report that the pen does not run out of ink easily and lasts for a considerable duration with frequent use."
"Based on the information provided, there is no information whether an amp or an adapter is required to use the headphones with a laptop. The product information mainly focuses on the improved design features of the SR325is headphones, including upgraded driver design, mass distribution improvements in metal housing, and enhanced upper and lower frequency control. The product dimensions are 1 x 1.3 x 0.2 inches, but there is no information about the weight.","The responses to the compatibility of Grado Prestige Series SR325is Headphones with a laptop and the need for an amplifier or adapter are varied, with some users reporting positive results and noting that they say an adapter is needed to connect the headphones to a laptop. Additionally, using a DAC or amplifier can greatly improve the sound quality. However, other users have had negative opinions, they report that an adapter is needed to use these headphones with an iPhone or iPod, which can be cumbersome, but they can still work with an adapter. Moreover, there are also some people who reply objectively, and they say an adapter is needed for use with a laptop since the jack is big, but an amp is not needed. It's recommended to use a cable adapter to avoid damaging the device's port."
"Based on the information provided, the WeatherTech FloorLiner offers complete floor protection to both the drive and front passenger mats. In addition, it incorporates advanced surfacing to minimize fluid movement, boasts of a high-density tri-extended material that offers strength and surface friction, and is simple to install with grommet holes that match the factory carpet in your vehicle.","Many customers have voiced their positive feedback on the compatibility of WeatherTech Custom Fit Front FloorLiner for Toyota Prius with both driver and passenger mats, they say the front driver and passenger mats are included in the purchase of the WeatherTech Custom Fit Front FloorLiner. and expressing their satisfaction with it."
"Based on the information provided, the Step2 Canopy Wagon has a manufacturer recommended age range of 18 months to 8 years. The weight limit for the wagon is 75 pounds, and it includes contoured seats with seatbelts as well as a built-in storage compartment. However, it does not mention any specific age limit for the child to use the wagon.","When examining the responses gathered about the age limit of Step2 Canopy Wagon, it's apparent that users have differing opinions about the product. Some people have satisfied opinions, they suggest the age limit is between 3 to 5 years, but some six-year-old children still enjoy using it while others had negative experiences, they believe the maximum age for a child to use the product is 5 years old, with a weight limit of 65 lbs. The rest of other customers have provided objective feedback, and they suggest weight limit over an age limit. Maximum weight capacity is approximately 75 lbs, suitable for children aged 5 years and above as per reviews."
"Based on the information provided, the Backdrop Support System can hold muslin, canvas, or paper and has 4 crossbars that can extend up to 10ft wide. The supporting stands that extend up to 8ft in height and have an extra-wide footprint for added stability, making it ideal for displaying a 24x72"" horizontal banner.","Based on the responses collected about whether the ePhotoInc Photography Video Backdrop Background Support Stand with Case for Chromakey or Muslin by ePhotoInc H304 can nicely display a 24x72"" horizontal banner, it's evident that the product has both its supporters and detractors. Many users enjoy the product, they say the stand can accommodate banners up to 90x120 inches, but caution that using all four sections may cause sagging. It can expand to 10ft wide but is pricey. However, there were some users who had negative experiences, they report that the cheap backdrop holder may not display a 24x72"" horizontal banner nicely, especially if it's heavy, and they regret buying it. The rest of other customers have provided objective feedback, and they suggest that a light banner will be suitable for display on a 24x72"" horizontal banner."
"Based on the information provided, crystals and strands could be added after hanging the chandelier to avoid damage. The chandelier has 6 lights with a voltage of 110V and requires 40W bulbs, which are not included. It is decorated with 100% crystals, capturing and reflecting the light. The chandelier is suggested for a living room and has a vintage, retro style.","Opinions on whether it's recommended to add the crystals and strands of All Crystal Venetian Style Chandeliers 6 Lights Fixture Hallway 110V after it's hung to prevent damage and tangling seem to be divided among users. Some are giving affirmation to the product, highlighting its they suggest adding crystals and strands while the chandelier is being hung. It is recommended to purchase new bulbs as the ones provided are of poor quality while others have expressed dissatisfaction, they suggest adding crystals after installation to prevent damage as the cups break easily- from personal experience in a salon. The rest of other customers have provided objective feedback, and they say partially assembling and then hanging the chandelier at eye level is best. Adding crystals and strands before/after hanging depends."
"Based on the information provided, the Brute Torq wrestling kneepads are sold individually. The package contains only one kneepad, and the price for a single item is not provided.","When examining the responses gathered about the pricing of Brute Torq Wrestling Knee Pad for Scarlet/Black Large, whether the stated price is for a single pad or a pair, it's apparent that users have differing opinions about the product. Some people have satisfied opinions, they confirm the price is for a pair and express satisfaction with the quality and durability of the knee pads while others had negative experiences, they report that the price is for only one, and the customer needs to purchase two for a pair. The rest of other customers have provided objective feedback, and they think/say the price is for one item, as most wrestlers only wear one on their trail leg. However, some prefer to use two."
"Based on the information provided, the Coleman Big Game Big and Tall Adult Sleeping Bag can keep you warm in temperatures as low as 0 degrees Fahrenheit, making it a suitable option for Boy Scouts camping in 20'-30' degree weather. The cotton canvas cover and cozy cotton flannel liner retain heat, with Thermolock draft tube preventing heat from escaping through the zipper. Additionally, Fiberlock construction keeps the insulation from shifting, reducing cold spots and increasing durability.","After reviewing the responses to the temperature range for the Coleman Big Game Big and Tall Adult Sleeping Bag for cold weather camping, it appears that the majority of users have positive experiences with the product. Specifically, many users appreciate it, they say the bag is great in the 20s, comfortable in high 20's/low 30's, and can be used in 15-20F weather. It works well for temperatures that dip into the high 20's and even down to 9 degrees when properly bundled up. However, there are a few users who expressed neutral views, they say the bag can handle 30 degrees but packing size and weight may be an issue. Adding extra insulation like a microfiber blanket is recommended."
"Based on the information provided, it is unclear whether the product is weather resistant. However, the stool has a sturdy steel construction with a powder-coated finish and can support up to 200 pounds. It is designed for outdoor patios, poolside, and backyard use. Assembly is required.","Almost all customers have reported that the weather resistance of Living Accents Grill Gazebo Bar Stool (Pack of 2) has exceeded their expectations, they say the chairs are weather-resistant and can withstand rain, hot and cold weather. They've been used outside without any issues for over a year."
"Based on the information provided, the Intermatic ST01 7 Day Programmable In Wall Digital Timer Switch is compatible with LED lights, along with incandescent, fluorescent, and CFL bulbs. It works with DC loads at 4 Amp @ 12 VDC, 2 Amp @ 28 VDC and can control multiple devices with one timer with up to 40 on/off settings per week.","Based on the responses gathered about compatibility of Intermatic ST01 7 Day Programmable In Wall Digital Timer Switch with LED lights, it's clear that opinions are divided. While some users have a positive experience with the product, they say it works with LED lights as well as other types of lighting, and doesn't require passing through an incandescent bulb to function and a small part has negative experiences, they report that this product does not work well with LED lights, as the LED still glows dimly even when off. They suggest using a different solution. The rest of other customers have provided objective feedback, and they believe it works with LED lights and other loads including fluorescents and motors. However, they haven't personally tested it yet."
"Based on the information provided, the Power Ranger/Sentai Ranger key Mobairetsu is suitable for children aged 3 years and older. The package dimensions are 7.6 x 3.3 x 11 inches, and the toy requires two AAA batteries. The manufacturer, Bandai, recommends it for children over 14 and this toy is perfect for fans.","After analyzing the responses about the durability of Bandai Henshin Keitai Legend Mobirate Ranger Key for a 5 year old Power Ranger/Sentai enthusiast, most users hold the positive view, they say it's extremely durable and built with good quality, as evidenced by dropping it once with no visible scratch. It's also larger and more interactive than the American version. While a part of users who have neutral opinions, they recommend to first buy the American Power Rangers Super Megaforce Morpher, which is more durable for kids, before getting the Japanese Mobirate."
"Based on the information provided, the HI-4001WT bidet toilet seat has an adjustable water spray and temperature that can be adjusted to individual comfort. It also features a heated seat for comfort, hands-free drying, and twin spray nozzles for superior cleaning. However, there is no information about whether it requires an electrical outlet/connection.","Customers have been thrilled with the electrical and water requirements of the Feel Fresh HI-4001WT Elongated Electric Bidet with Warm Air Dryer (White), they say it requires an electrical outlet and has warm water with temperature adjustments and a heated toilet seat. Installation by an electrician is suggested."
"Based on the information provided, the LaserLyte LT-380 caliber-specific laser trainer cartridge will work with a Walther 380 auto firearm. The cartridge inserts into the chamber and simulates bullet impact, providing instant feedback to improve shooting skills. The virtual ammo has a long battery life and can be used indoors.","When considering the responses to compatibility of LASERLYTE laser trainer 380 ACP cartridge with Walther 380 auto, many users enjoy using the product, they say it works well with various .380 caliber autos including the Walther 380 auto, and is great for training and practicing without using ammo. Meanwhile, there are a few customers who have different attitudes, they are uncertain if it will work on a Walther 380 auto as they have only used it in a Ruger and a Bersa with mixed results. Even so, only a few people have balanced feedbacks, and they report that they have no experience with a Walther 380 auto, but assume it will work in any weapon that accepts .380 ammo."
"Based on the information provided, the Fit System OEM Style towing mirror set fits 2003-2006 Chevy Silverado, Suburban, Tahoe, and GMC Sierra full-size pick-up trucks, including Yukon, Denali, and XL models. The mirror head extends and is equipped with a flat upper glass and an adjustable convex spot mirror. The upper glass is power adjustable, has LED arrow turn signals, and is heated to defrost. The mirrors can be manually folded, but they are not power-folding. The mirror set includes both driver and passenger side mirrors.","When examining the responses to compatibility of Fit System 62075-76G Chevrolet/GMC/Cadillac Driver/Passenger Side Replacement Towing Mirror Set with a 2004 Chevy 2500HD with telescoping mirrors, it becomes clear that most people have a positive perception, they say these mirrors will work on a 04 Chevy 2500HD with telescoping mirrors, but manual extension is required and the switch function must be turned off. While only a percentage holds a impersonal view, they suggest that the newer mirrors will fit, but they are unsure about turn signals. The mirrors have defrost and power features, and are easily installed Even so, only a few people have criticism with the product, and they say that the mirror cannot be extended from inside, it is manually operated. Though it is a great option for 5th wheel camper, it lacks auto-telescoping feature."
"Based on the information provided, the product description states that the handles are green and will fit most large becker knives. The attributes mention that the color of the handles is tan, but it is not specified whether the picture is accurate.","Most of the opinions to the color of Ka-Bar 6-0077HNDL-7 Becker Knife Handles are neutral and objective, they report that the handles of the product are a tan color with a light green tint, despite being advertised as green. Some have successfully dyed them with R.I.T clothing dye. Nonetheless, a proportion of people hold a promising outlook, and they say the handles are a brown-green shade, but sometimes appear more tan. The material is porous and can change color easily."
"Based on the information provided, both laptops have different configurations, with the first one having an i5 processor and 6GB RAM, and the second one having an i7 processor and 4GB RAM. However, since the usage is limited to MS Word and internet browsing, the laptop with i5 processor and more RAM is recommended for smoother performance.","Most of the opinions to choosing a laptop processor and RAM for basic tasks are neutral and objective, they advise that i7 processor with 4 GB RAM is better than i5 with 6 GB RAM for simple tasks like browsing and MS Word. Nonetheless, a proportion of people hold a satisfied outlook, and they suggest that for browsing and Word usage an i5 processor with 6GB RAM is better than an i7 with 4GB RAM as it provides faster performance and a smoother interface."
"Based on the information provided, the Kayak Carry Handle comes with mounting hardware, suggesting that the handle is attached with a nut and bolt or something similar. However, the specific method of attachment is not mentioned.","Most of the opinions to the attachment of Shoreline Marine Kayak Carry Handle w/ Screws to a sit-on kayak with no access to the inside of the craft are neutral and objective, they suggest using rivets or pop rivet gun to attach the handle for a sit-on kayak, as there is no access to the inside of the craft. Nonetheless, a proportion of people hold a favorable outlook, and they say the handle comes with a screw and metal washer attached securely. Alternatively, users may use a screw or drill bit to cut through the strap to attach the handle. Some believe it comes with four rivets per handle, which is the preferred method for sit-on-top kayaks."
"Based on the information provided, the AluminumLock Series comes with two ""Easy-Open-Inchone handed keyed locking latches"" that provide security for your gear during travel. However, no specific information was provided about the type of lock used.","Opinions on the lock type of Sportlock Aluminumlock Series Double Pistol Case seem to be divided among users. Some are giving affirmation to the product, highlighting its they say it comes with an easy combination lock and has a hasp style hole to add a padlock. Has steel hinges and reinforced brackets, making it durable while others have expressed dissatisfaction, they report that the product does not come with any locks. The rest of other customers have provided objective feedback, and they report that the product either comes with no locks but has latch posts to use personal locks, or has a key lock through the pistol, or small latches are included for small locks."
"Based on the information provided, the Fat Cat Reno II 7.5-Foot Billiard Game Table weighs 335 pounds when assembled.","Upon examining the responses to the weight of assembled Fat Cat Reno II 7.5-Foot Billiard/Pool Game Table, it is evident that most people have a neutral opinion, and they report that the table is very heavy, can be moved by two strong men, and weighs between 200-350 pounds when fully assembled. And a few people have a favorable outlook, they report the assembled product weighs 356lbs according to the shipping company."
"Based on the information provided, the Suncast Smart Trak Hideaway with swivel base has a sturdy handle that makes it easy to reel 225ft hose with half the effort due to its easy swiveling and automatic tracking. It also has stakes that hold the base securely to the ground, ensuring stability during use.","When examining the responses gathered about the durability of Suncast CPLSSM200B Swivel Hose Hideaway handle and the ease of reeling in a 100ft hose, it's apparent that users have differing opinions about the product. Some people have satisfied opinions, they say the handle is sturdy and easily reels in a 100ft hose, but recommend sticking to that length for optimal performance while others had negative experiences, they report that the supply hose is poor quality and recommend making a replacement. No information provided on handle sturdiness or ease of reeling. The rest of other customers have provided objective feedback, and they provide varying answers and are uncertain about how far the product swivels, ranging from unconnected 360 degrees to one quarter of the way."
"Based on the information provided, putting in the receipts at a slight angle or even on their side should not cause any problems with OCR. The imageFORMULA P-215 Scan-tini personal document scanner is designed to handle various document types, including thick/thin documents, plastic ID cards, and driver licenses. The scanner also has a ""Plug-and-Scan"" feature and CaptureOnTouch software tool that simplifies the scanning process.","After analyzing the responses about using the Canon imageFORMULA P-215 Scan-tini Personal Document Scanner with angled or sideways receipts, most users hold the positive view, they mention there is an adjustable guide to feed receipts through and software will auto-adjust angle. Guides align items correctly. While a part of users who have impartial opinions, they say putting receipts at a slight angle or sideways won't cause an issue with OCR. Scanning software may have error correction capabilities."
"Based on the information provided, the hard drive enclosure supports all standard 2.5'' SATA HDD/SSD hard drives with a height of up to 9.5 mm. The enclosure has a built-in foam pad and LED activity indicator, and it is compatible with Windows 2000/Windows Me/Windows 98/XP/Vista/7/8, Mac OS 9.1/10.8.4 above. However, the information does not provide details on how much memory the hard drive holds.","When it comes to the storage capacity of the Inateck 2.5 Inch USB 3.0 Hard Drive Enclosure External Hard Drive Case with USB 3.0 Cable for 9.5mm 7mm 2.5"" SATA HDD and SSD, Tool-free (FE2001), the responses are mixed, with some users expressing positive views and others having negative experiences. On the positive side, they say that the hard drive case can fit any HDD, and both a 320GB and a 750GB HDD have been successfully used. However, on the negative side, they clarify that it's not a hard drive but an enclosure. Users need to add their own hard drive to make it an external drive. Moreover, there are also some people who reply objectively, and they explain that it is just an enclosure and any internal hard drive can be inserted that fits, without specifying the specific amount of memory it can hold."
"Based on the information provided, the Nikon 50mm f/1.8D AF Nikkor Lens has autofocus capabilities but is not supported on DSLRs without an autofocus motor, such as the Nikon D5100. The lens can be used with manual focus only on these cameras.","When it comes to the confusion regarding the autofocus capabilities of the Nikon AF FX NIKKOR 50mm f/1.8D Lens for Nikon DSLR Cameras, the responses are mixed, with some users expressing positive views and others having negative experiences. On the positive side, they say that certain Nikon bodies including d5100 do not have built-in autofocus motor and require lenses with built-in motor or third-party brands for autofocus. However, on the negative side, they say that the Nikon D5100 does not have an autofocus motor built in it, making autofocus only possible with cameras having an autofocus motor, hence queries about autofocus ability. Moreover, there are also some people who reply objectively, and they report that the Nikon D5100 does not have a focus motor, so lenses must have AF-S motor in them for autofocus."
"Based on the information provided, the Chef's Planet Oil Pourer has a precise pourer designed to give the perfect pour every time. It also employs a built-in collar to catch drips, so there will be no messy rings on the counter or table. It holds up to 32 ounces, and the Borosilicate glass is break-resistant. Therefore, it is suitable for mixing and pouring dressings, and the small opening on top ensures that the dressing will not spill while shaking.","When examining the responses gathered about using Chef's Planet Glass Oil Decanter and Cruet 32 Ounces for salad dressing and concerns regarding the small opening on top and shaking to mix the dressing, it's apparent that users have differing opinions about the product. Some people have satisfied opinions, they say the container is too big to shake the dressing and mix it inside. The small opening at the top allows light dressing to come out, but not for heavy and greasy dressings while others had negative experiences, they affirm that it would be difficult to mix dressing by shaking it due to a small spout in the pourer top, making it not suitable for salad dressing. The rest of other customers have provided objective feedback, and they advise against using it for salad dressing due to risk of clogging small spout and concerns over leaking if shaken up and down, but shaking side-to-side may work."
"Based on the information provided, there is no information on whether the AT&T Fusion requires a data plan. However, the phone comes with AT&T's GoPhone pay-as-you-go service, which allows users to prepay for their minutes and choose from a variety of plans that suit their individual needs. Users can also easily refill their minutes via prepaid cards or the Internet, or choose to prepay each month and roll over unused minutes.","The responses to the AT&T Fusion Prepaid Android GoPhone, the question is whether AT&T requires a data plan with this phone are varied, with some users reporting positive results and noting that they confirm that a data plan is not required for the phone and can use regular WiFi or purchase minutes or data as needed. However, other users have had negative opinions, they say that a data plan is not required for this phone, but may be needed for internet use. AT&T may add a data charge if switching sim cards. Moreover, there are also some people who reply objectively, and they report that AT&T does not require a data plan with this phone, and the only mandatory charge is a prepaid monthly payment, including SMS."
"Based on the information provided, the Liberty 120 Flavorstation Home Beverage Maker comes with bayonet bottles and adapters for fast mount CO2. It is compatible with 0.5L and 1.0L bottles, which can be securely and easily attached to the appliance. Therefore, it is better to use the bottles provided with this product.","Based on the responses gathered about compatibility of Primo Flavorstation FSS Liberty 120 (White) Beverage Maker with different bottles, it's clear that opinions are divided. While some users have a positive experience with the product, they say you must use the specifically designed primo beverage bottle as it has a unique locking configuration and can withstand higher pressure and a small part has negative experiences, they say that only Primo bottles can be used and should not be put in the dishwasher. Some users pour the fizzed water into other types of bottles. The rest of other customers have provided objective feedback, and they confirm that only Primo bottles work due to thick walls that withstand CO2 pressure, but suggest finding another bottle with similar threads."
"Based on the information provided, the DualPro case has a hybrid design that combines a hard plastic shell with a shock-absorbing silicone core. Therefore, the case has a mixture of both slick/hard plastic and rubberized feeling on the outside.","When examining the responses to the texture of the Incipio DualPro Case for iPhone 5C, it becomes clear that most people have a positive perception, they say the case has a rubberized texture, which varies from hard plastic to slick depending on use. While only a percentage holds a balanced view, they say that the case has a hybrid feel between slick plastic and rubber, making it easy to slide in and out of pockets"
"Based on the information provided, the DeWalt DCD980M2 20V MAX Li-Ion Premium 3-Speed Drill/Driver Kit comes with two 20V Max XR Premium Lithium-Ion batteries.","Numerous customers have expressed affirmation with the number of batteries included in DEWALT DCD980L2 20-Volt Max Li-Ion Premium 3.0 Ah Drill Driver Kit, they typically receive two 20V lithium-ion batteries and one charger when purchasing the product. The batteries last a long time during use."
"Based on the information provided, the KYB Excel-G shock is designed for BMW 3 series and is calibrated to restore the original capabilities of the vehicle. The product includes triple chrome-plated piston rods, multi-lip oil seals, and Teflon coated piston band for improved performance. The product is not side-specific and can fit either the left or right rear of the vehicle.","Upon analyzing the feedback about compatibility of KYB 343352 Excel-G Gas Shock with left or right rear side, it is clear that most people have a positive outlook. Many individuals have very positive attitude, they say that the rear shock fits either side, so buying two and replacing them will make a big difference. While a proportion hold a impartial opinion, they say the shock fits both the left and right rear sides of the vehicle."
"Based on the information provided, the PLANET AUDIO P10.1ES RB Black/Grey/Tan 10.1"" Flip Down Car DVD Monitor comes with two IR headphones. The headphones are included in the package along with a wireless remote and interchangeable housings in Black, Grey, and Tan.","Almost all customers have reported that the inclusion of IR headphones in the PLANET AUDIO P10.1ES Black/Grey/Tan 10.1"" Flip Down Car DVD Monitor package has exceeded their expectations, they say it comes with two wireless headphones, although some have reported issues with the DVD player itself."
"Based on the information provided, the MEElectronics A161P earphones feature balanced armature technology, which provides stunning accuracy, high resolution, and crystal clarity to bring music to life. The earphones are compatible with most smartphones and devices that have a 3.5mm jack. The product has inline mic and remote functionality and is designed for long-term comfort. However, there is no direct mention of the noise-cancelling technology.","Based on the responses gathered about the noise-canceling technology in the MEElectronics A161P In-Ear Headphones, it's clear that opinions are divided. While some users have a positive experience with the product, they say the earphones provide decent noise reduction/isolation, but it may depend on the volume. Comply foam tips are suggested to improve performance and a small part has negative experiences, they report that the product does not have active noise cancellation technology; instead, it only blocks out noise by being sealed in the ears. The rest of other customers have provided objective feedback, and they report that the product does not have noise cancellation technology, but still provides excellent sound isolation due to the snug ear pads."
"Based on the information provided, there is no clear mention whether to use thread tape with this shower hose. The extra-long 96-inch stainless-steel hose is durable, flexible, and comes with 1/2"" standard size ends with two rubber sealers. It is easy to install and suitable for applications that require long reach.","Upon analyzing the feedback about whether to use thread tape when installing the xlshower XLSSH8FT Extra Long Stainless Steel Handheld Shower Hose for a shower head, it is clear that most people have a positive outlook. Many individuals have very positive attitude, they recommend using thread tape for installation, but some have had success with pipe tape. It is often included in the package. While a proportion hold a impartial opinion, they suggest using thread tape unless specifically advised otherwise in the product instructions. Successful installations reported with consistent use."
"Based on the information provided, the vanity in the Classic White Collection measures 28""W x 13""D x 42""H, and comes with a storage drawer, three-sided acrylic mirror, and a stool that can support up to 100 lbs. The seat of the stool can be used for additional storage space.","When considering the responses to the size and capacity of the drawer in Guidecraft Classic White Vanity and Stool Set for storing makeup, brushes, and other items, many users enjoy using the product, they say it holds around three to four brushes and makeup in the front drawer but additional storage is available in the bench. Its size is perfect for a little girl. Meanwhile, there are a few customers who have different attitudes, they say the drawer is small and suitable for young girls to keep some makeup and a few brushes or play jewelry. The vanity is well-constructed and durable."
"Based on the information provided, the Motorola RAZR has 1GB RAM, and the dimensions are 5.15 x 0.28 x 2.17 inches. However, there is no specific mention of the storage memory of the phone.","About the storage memory of Motorola XT-910 DROID RAZR Unlocked GSM Smartphone - How much storage memory does it have has received high praise from many customers, they report that the phone has internal memory of 16GB, expandable via a memory card, and some mention satisfaction with the size while others say it's great but only 8 GB."
"Based on the information provided, there is no information related to a high pitched whining noise from this router. However, it is a cost-effective, feature-rich product that provides easy configuration, advanced firewall protection, high-speed broadband router, and Universal Plug and Play recognition.","When examining the responses gathered about reported high pitched whining noise from TRENDnet 4-Port Broadband Router, it's apparent that users have differing opinions about the product. Some people have satisfied opinions, they report flawless performance and no whining noise from the router, though some electronic components can emit high-pitched noise while others had negative experiences, they say that no high pitched noises are heard from their router. The rest of other customers have provided objective feedback, and they suggest potential issues with personal modem or inconsistency in quality control leading to high pitched noises reported in some 2011 reviews."
"Based on the information provided, there is no information about the recommended type of mattress that suits this bed. However, this is a Full-size leather platform bed with high-quality iron construction, easy to assemble, comes with slats, and doesn't require a box spring. The bed's weight is around 50 pounds, and it was first available on December 20, 2016, under the brand name Home Life.","Based on the responses collected regarding the best mattress for Home Life Leather Platform Bed with Slats Full - Complete Bed 5 Year Warranty Included, it is evident that the majority of people have a positive perception. Many give positive answers, they suggest using a supportive and thick foam or memory foam mattress of at least 6-8 inches, or a pillowtop mattress of 12 inches or a gel memory foam mattress. While a part of people hold a objective opinion, they suggest a gel foam mattress for this bed."
"Based on the information provided, the MagTek 21040145 SureSwipe dual-head triple-track magnetic stripe card reader has USB keyboard emulation which enables the reader to transmit data to systems and applications designed to receive keyboard input. Therefore, it can be compatible with Windows 7 professional.","Many customers have voiced their positive feedback on compatibility of MagTek 21040145 SureSwipe Dual Head Triple Track Magnetic Stripe Card Reader with Windows 7 Professional, they confirm that the MagTek is compatible with Windows 7 Professional as long as the appropriate drivers are installed. and expressing their satisfaction with it."
"Based on the information provided, the size of barbs is not mentioned in the given product information as it seems unrelated to the product which appears to be a Lightning to 3.5mm headphone adapter that only works with iOS 10.3 and below, providing nondestructive digital sound quality with 100% Copper wire core. The adapter does not support music control and calling features, does not work with 8 / X, and not suitable for iOS 11 and above. The product's dimensions are 4.1 x 2.3 x 0.2 inches, and it is manufactured by JOVERS. No price information is given.","The responses collected regarding the size of barbs included in the Fine Tagging Kit-top of the Line Avery Dennison 10312 Gun with 4 Avery Dennison Replacement Needles and 5000 Avery Dennison Barbs suggest that the product has generated a range of opinions among users. While some users have positive experiences with the product, they say the barbs are 2 inches in size and can vary from 1"" to 3"". 2"" is the most popular size. And others encounter issues, they speculate that the barbs are either 2-2.5 inches or under 1 inch, and one person plans to contact the seller about the discrepancy. The rest of other customers have provided objective feedback, and they say the standard size is 2 inches, but custom sizes from 1/2""-5"" can be requested. Some received 2"" barbs, longer than expected due to unclear description."
"Based on the information provided, the Synology Disk Station DX513 is an expansion unit for increasing the capacity of the Synology, and it has an eSATA expansion port. This expansion unit is compatible with DS1511+ and can be used to expand the latter's capacity.","After reviewing the responses to compatibility of Synology 5bay Expansion Unit DX513 with DS1511+, it appears that the majority of users have positive experiences with the product. Specifically, many users appreciate it, they say that the product is compatible with DS1511+ and users have successfully expanded their capacity with it. However, there are a few users who expressed unfavorable views, they suggest checking the Synology website, which recommends using the DX510 for expanding capacity of the DS1511+. The compatibility of the DX513 is uncertain. Meanwhile, only a few people state neutrally, and they recommend consulting Synology's list for recommended hard drives, but any of them should work well. No specific model was suggested."
"Based on the information provided, the Q3 Multiset Scala Rider Communication Headset is suitable for both ATV riders and street bike riders. It includes a large intercom range, music sharing, intuitive control buttons, detachable speakers, and is certified waterproof and dustproof. It also has a built-in FM radio and noise-canceling microphone.","After analyzing the responses about the suitability of scala rider Cardo Systems Inc Q3 Multiset (Double Pack) Communication Head Set Accessories - Black for ATV riders or just street bikes, most users hold the positive view, they say it's good for both ATV riders and street bikes, and recommend Chatterbox X1slim model for better communication. The sound is clear, but Scala Rider factory may not offer technical support for third-party sellers. While a part of users who have poor opinions, they say it works for dirt biking but only with two people. For larger groups, it's better to opt for higher-end models. It may not work correctly in wooded areas."
"Based on the information provided, the chair mat has a lightly textured, slip-resistant and scuff-resistant surface that should help prevent it from sliding on the floor. The mat is designed for use on hard floor surfaces and has a straight edge.","The responses collected regarding recommendations for keeping Lorell LLR82825 Nonstudded Design Hardwood Surface 48 x 36-Inch Vinyl Chair Mat, Clear in place on wood floors suggest that the product has generated a range of opinions among users. While some users have positive experiences with the product, they report tucking the mat under an edge of a desk, keeping a desk leg on top, or placing part of the mat under a desk's feet to prevent sliding. And others encounter issues, they report that the mats slide on the floor. One suggestion is to use Command Clear strips on the corners. No other solution has been found. The rest of other customers have provided objective feedback, and they suggest using double-sided tape in the corners to keep the floor mat in place."
"Based on the information provided, the product is rated for 120 volts and requires 20 amps of power. Therefore, it is not compatible with 220 volts used in Venezuela.","From the responses gathered about compatibility of Max Burton 6500 ProChef Induction Cooktop with 220v power supply in Venezuela, it appears that the majority of people hold a negative view. they say the product does not work with 220v, as it is a 110v unit. Some suggest purchasing a 3000w model or Max Burton 3000 for 220v compatibility While some others have fair feedbacks, they couldn't provide an answer regarding the product's compatibility with 220v electricity in Venezuela."
"Based on the information provided, the 40 pound dumbbell set includes two handles, four 2.5-pound plates, and four 5-pound plates, which totals to 30 pounds, not 40 pounds. However, it is designed for versatile workouts with durable cast iron plates, rubber trim collars, and ergonomic grips.","Based on the responses gathered about the discrepancy between the weight mentioned in the product title and the actual total weight of the CAP Barbell 40-pound Adjustable Dumbbell Set with Case, it's clear that opinions are divided. While some users have a positive experience with the product, they report that the dumbbell set is labeled as 40 pounds due to 5-pound bars, but the actual weight including collars is 37 pounds and a small part has negative experiences, they report that the product is falsely advertised since the total weight is 37 pounds, not 40 pounds. The set includes 2 bars, 8 plates, and 2 collars. The rest of other customers have provided objective feedback, and they speculate the bar and collar weigh 5 pounds, making the set 40 pounds. However, total weight including collars may be 41.8 pounds."
"Based on the information provided, the ViewHD VHD-D2AC digital to analog audio converter can be connected to a TV and used simultaneously with an audio receiver/speaker and a pair of headphones through the RCA L/R and 3.5mm output respectively. It is noteworthy that the product only converts 2CH PCM digital audio to 2CH analog audio, and does not support decoding of Dolby or DTS multi-channel audio.","Overall, customers have expressed mixed opinions about using ViewHD SPDIF Optical / Coaxial Stereo Digital to Analog Stereo Audio Converter to connect headphones to TV for the hard of hearing, on the positive side, they say you can connect headphones to your TV via this box if it has Toslink or Coaxial output, but you may need additional equipment for volume control and others feel unsatisfied, they say the box can work with headphones if it has a headphone jack, but volume control may not work. Headphones with their own volume may work. Some report noisy headphone link. The rest of other customers have provided objective feedback, and they say that the adapter needs internally powered headphones and recommend using a stereo receiver near the TV with an optical cable for better sound quality."
"Based on the information provided, to use this product, you need to attach the Canon LA-DC58C Conversion Lens Adapter and then attach the close-up lens to the front of your lens. The double-element accessory optimizes focusing distance from infinity to 500mm and is recommended for lenses with 70-350mm focal length.","After reviewing the responses to the usage of Canon 2822A002 USA 58mm Close-Up Lens 500D: Should you focus with the lens attached or focus first and then attach the close-up lens, it appears that the majority of users have positive experiences with the product. Specifically, many users appreciate it, they say you can attach the lens and then focus or focus first and attach later. Some prefer manual focus while using the close-up lens. However, there are a few users who expressed balanced views, they say to attach the close-up lens to the desired lens and focus with it attached. Autofocus varies within specific distances. Even so, only a few people have criticism with the product, and they recommend putting on the lens first and then manually focusing since the depth of field is short."
"Based on the information provided, the Roku LT streaming player offers a variety of free and subscription-based entertainment channels, including Netflix and Amazon Prime. The device provides high-quality video streaming up to 720p, and it recommends a minimum of 3.0 Mbps for HD content. Given the monthly cost of internet and cable, switching to Roku and adding Amazon and Netflix may be a cost-effective alternative.","When considering the responses to whether getting Roku LT Streaming Media Player and adding Amazon and Netflix, and getting rid of cable is worth it if internet is $80 a month and the total cost is $110, many users enjoy using the product, they report cutting cable and switching to streaming services such as Netflix and Amazon Prime. They enjoy the cost savings and variety of content available on Roku. Meanwhile, there are a few customers who have different attitudes, they report that using composite cables will only provide up to 480i and recommend connecting to an HDTV with HDMI for 720p; 1080p requires a higher end Roku model."
"Based on the information provided, the Wasabi Power LPE12 batteries are long-lasting and come with a 3-year manufacturer warranty. However, there is no information available on the battery's degradation over time.","Almost all customers have reported that the longevity of the Wasabi Power Battery (2-Pack) and Charger for Canon LP-E12 and Canon EOS M, EOS Rebel SL1, EOS 100D has exceeded their expectations, they say the battery's still functioning well even after multiple recharges spanning over years, with no performance degradation noticed."
"Based on the information provided, the AirPort Express features 802.11n technology, can be used to share a wireless network with up to 10 users and share a printer wirelessly. It can also be used to play music wirelessly through stereo or speakers and share files without slow data transmission.","The feedback received about the usefulness of Apple Airport Express MB321LL/A as a bridge to extend the range of an Airport Extreme and whether it needs to be connected to an ethernet cable or not suggests that the opinion is predominantly neutral, they discuss the AirTunes feature, streaming music, and compatibility with iTunes. However, it appears the device is only capable of streaming music, not movies or pictures. Meanwhile some others have optimistic feedbacks, they discuss using an Airport Express to extend an Apple network. It can pick up and extend signals, and streaming music with iTunes is possible."
"Based on the information provided, the Dual Flex Hybrid TPU Gel Case is designed with precisely cut openings for full access to all wireless device functions, implying that the screen is also covered by the protective case. Additionally, it prevents scratches and scuffs, preserving device features and condition.","The responses collected regarding whether the case covers the screen of the Samsung Galaxy S3 i9300 suggest that the product has generated a range of opinions among users. While some users have positive experiences with the product, they say the screen isn't covered, but the fit is good and it provides good protection for the price. And others encounter issues, they complain that the gel case doesn't cover the screen and doesn't fit properly. The rest of other customers have provided objective feedback, and they say that a separate screen protector needs to be bought. The silicon case can protect the edges but not the entire screen."
"Based on the information provided, it is not stated whether the Coda Forte headphones fold up, but it is also not mentioned that the earcups rotate. They are described as lightweight and comfortable, with on-board controls and a 12-hour battery life.","After reviewing the feedback about the folding or rotating mechanism of iFrogz Audio Coda Forte Bluetooth Headphones, it is apparent that the majority of people have a negative outlook, they all agree: the headphones don't fold up or have rotating earcups; they are fixed in position. Nevertheless, a part pf people hold a satisfied view, they report the headphones do not fold up nor do the earcups rotate, but they are considered good basic headphones."
"Based on the information provided, there is no specific mention of the length of the cable for hookup. However, the supplied cable has a 3 Conductor 3.5mm plug at one end and bare wires at the other end, which can be plugged into the antenna input of the radio or sound system.","From the responses gathered about the cable length for hookup of Eton Corp. NGAN200 Grundig Indoor Antenna, it appears that the majority of people hold a negative view. they say the cable length is approximately 1 meter and can be customized. However, one user didn't find it useful and advises against it While some others have impersonal feedbacks, they report that the cable for hookup is approximately 2 feet long, or about 30 inches. Even so, only a few users have positive experiences with the product, and they say the cable for hookup is about 3 feet, but it is not necessarily needed for the device to function as it can passively couple up to 12 inches."
"Based on the information provided, the given product information does not provide any details on the number of shots per CO2 cartridge for the JT ER2-S Pistol Player Kit. However, the kit includes two 12-gram cartridges, 30 paintballs, and a quality pump paintball marker with a new inline feed system for improved performance.","When examining the responses to the number of shots provided by a CO2 cartridge for JT ER2-S Pump Pistol Kit in Black, it becomes clear that most people have a positive perception, they report that a CO2 cartridge lasts for about 15-25 shots, depending on usage and leftovers. However, it can last much longer if not frequently fired. While only a percentage holds a poor view, they reported inconsistent results with CO2 cartridge, ranging from 50-70 shots to 20-30 shots per cartridge, with occasional leaking issues. One cartridge was wasted due to 2 months of inactivity"
"Based on the information provided, the Cook N Home In-Drawer Bamboo Knife Storage Block can be placed in a drawer up to 3 inches deep, making it suitable for the customer's 3"" deep drawer. It can hold most commonly used knives up to 16 inches long, and the width can be adjusted. The wave design allows easy access to knives while keeping them safe and organized.","Based on the responses collected about the compatibility of Cook N Home In-Drawer Bamboo Knife Storage Block with 3"" deep drawers for large knives, it's evident that the product has both its supporters and detractors. Many users enjoy the product, they say that the sharp side of the blade sits on the drawer itself and the blade needs to be less than 3 inches. However, some customers had success with deeper drawers and large knives. However, there were some users who had negative experiences, they say the large knives might sit too high for a 3"" deep drawer. Other options at The Container Store are suggested. The rest of other customers have provided objective feedback, and they say the large knives will sit on the bottom, so it should work despite the 3"" deep drawer."
"Based on the information provided, the small format FT-004 Fender clip on Tuner is easy to operate and has a built-in vibration sensor for accurate tuning even in noisy areas. It supports multiple instruments and has a large LCD display. The product dimensions are 3 x 6 x 3 inches and it requires 1x 3V 2032 battery. The price is $11.99.","Based on the responses collected regarding the ease of use and quality of Fender Clip-On Tuner FT-004 for Guitar, Ukulele, Bass, Violin, Mandolin, and Banjo at its price point, it is evident that the majority of people have a positive perception. Many give positive answers, they say it's easy to use and offers great quality for its low cost. The screen can be hard to see, but overall a fantastic item. While a part of people hold a rational opinion, they report that a micro precision Phillips head screwdriver is needed to open the battery compartment, but the exact size is unknown. Even so, only a few people have criticism with the product, and they had difficulty opening the battery compartment and resorted to using an improvised tool."
"Based on the information provided, the input of the PLVWR2400 flip-down roof mount TFT LCD monitor is not limited to RCA as it also features two AV inputs. However, it does not have a component input. The maximum resolution is 1920 x 1080, and it is compatible with both PAL and NTSC formats. It comes with a wireless remote control and built-in IR transmitter for wireless IR headphones.","Upon examining the responses to the compatibility and quality issues of Pyle PLVWR2400 25-Inch Widescreen TFT-LCD Roof Mount Video Monitor with IR Transmitter (Discontinued by Manufacturer), it is evident that most people have a negative impression, they report poor quality and express dissatisfaction with available inputs. And some others have a objective opinion, they question the claimed 1920x1080 resolution for an RCA input, and report low picture quality. A possible solution may be available in Miami."
"Based on the information provided, the case provides dual protection from drops and scratches by using a combination of TPU and Polycarbonate. The case is compatible with iPhone 5C and has Advanced Shock Absorption Technology. However, there is no mention of the case covering the front part of the phone completely. It is recommended to add a screen protector for full protection.","The responses to the coverage of Spigen Tough Armor iPhone 5C Case for iPhone 5C - Dodger Blue on the front part of the phone are varied, with some users reporting positive results and noting that they say a screen protector is necessary as the case does not cover the front of the phone. The case is praised for matching phone colors and reducing bulkiness. However, other users have had negative opinions, they say the case doesn't cover the phone's screen, and you need to buy a separate screen protector. The bumper elevates the screen to avoid direct contact. Moreover, there are also some people who reply objectively, and they report that it covers the front edges but not the entire screen, requiring an additional screen protector."
"Based on the information provided, the Camp Chef Del Rio Gas Firepit can be safely used on a wood deck since it is designed for outdoor use and the bottom of the bowl does not get very hot. However, it is important to use it with care and attention to avoid any accidents.","Opinions about safety of using Camp Chef FP29LG Propane Del Rio Gas Firepit on a wood deck and the heat produced by the bottom of the bowl tend to be more positive. Most are taking a positive view, they say that the bottom of the bowl gets hot but it's safe to use on a wood deck with some protection. It's also safe on grass or patio pavers. Other people have rational opinions, they advise against using it on a wood deck as it gets very hot and could burn it down. Suggest using bricks or a stone slab instead."
"Based on the information provided, the Master SW spin combo with line comes with a 1 ball bearing reel that has fishing line pre-spooled on a machined gold spool. The rod is composite graphite, 7 feet long, with EVA grips and gold wrapping.","After analyzing the responses about whether the reel comes with fishing line for the Master SW Spin Combo W/Line 7' 2pc Dn491-Wl, most users hold the positive view, they confirm the reel is included with no fishing line, and some also express satisfaction with the reel's sturdiness. While a part of users who have disappointed opinions, they confirm the reel comes with fishing line but suggest replacing it with a better one. Concerns over the quality and age of the provided line."
"Based on the information provided, the carrier's dimensions are 17""x8""x11.5"" inches, and it can hold up to 7 pounds. As the user's mini dachshund will have a full growth weight of 8-9 lbs, the carrier may not be suitable for long-term use, but could be used for short trips. It is recommended to check with the specific airline for their carry-on size restrictions as well.","The responses to the suitability of Paws & Pals Airline Approved Pet Carriers in small size for a mini dachshund with an anticipated full growth weight of 8-9 lbs are varied, with some users reporting positive results and noting that they say a medium size carrier would fit a mini dachshund comfortably, while a small size carrier may be too short as the dog grows. However, other users have had negative opinions, they suggest the small size might be too small for a mini dachshund and recommend getting the large size. Moreover, there are also some people who reply objectively, and they suggest getting the large size as it would be a comfortable fit for the mini dachshund, even when fully grown."
"Based on the information provided, this product cannot be used for small cooking appliances such as an electric frying pan, slow cooker or Ninja System baker. This product is designed to rest on electric coil stoves and glass top stoves, not on appliances. It provides additional 4 sq. ft. of counter space and can be used as a serving tray or cutting board. However, caution should be taken to avoid exposing it to heat or open flame.","The overall feedback from customers about the compatibility of More Counter Space Black for small cooking appliances like an electric fry pan, slow cooker or Ninja system baker has been mixed, several customers hold positive views, they say it is sturdy enough to hold small appliances like electric fry pans, slow cookers, and Ninja system maker without placing hot items on it. It has cut-out handles for easy carrying while the others have expressed disappointment opinions, they suggest being cautious when using this cover with appliances that generate high levels of heat such as electric fry pans and slow cookers. A heat-resisting pad may be required. The rest of other customers have provided objective feedback, and they say the topper can be used to protect the cooktop from scratches by placing cool small appliances on it, not for cooking."
"Based on the information provided, the JumpSport 250 Fitness Trampoline comes with a warranty of 2 years for its EnduroLast 2 Elastic cords, which means the company will repair or replace the cords in case they break or snap during this period.","After analyzing the responses about the safety concern regarding the JumpSport 250 Fitness Trampoline: What happens if one of the cords snaps and breaks, most users hold the positive view, they have experienced a few broken cords, but overall believe the rebounder is well-built and sturdy. Replacement cords are available. While a part of users who have rational opinions, they think/say that it's unlikely for a cord to break as the weight is distributed among many cords, and that it has not happened to them before."
"Based on the information provided, the Coleman Auto-On LED Cooler Light can be used in other coolers. It has two mounting options, can be placed at the bottom of the cooler, and features 3 bright white LEDs to illuminate any size of the cooler. However, compatibility with other brand name coolers is not specified.","When considering the responses to compatibility of Coleman Motion Activated Utility Light with other brand name coolers, many users enjoy using the product, they say the light can be used in any brand name cooler, as it is battery-powered and can be attached to any cooler that it fits. Meanwhile, there are a few customers who have different attitudes, they report the cooler has a motion sensor which turns light on/off automatically when lid is opened/closed."
"Based on the information provided, the Strahl Design + Contemporary stemless wine glasses have a capacity of 8 ounces and come in a set of 4. They are made of high-quality polycarbonate, which has the weight, clarity, and brilliance of fine crystal, but is virtually unbreakable. The glasses are also safe for use in the microwave and freezer, and can be easily cleaned in the dishwasher.","Opinions about clarification on the volume capacity of the Strahl Design+Contemporary Osteria 8-Ounce Stemless Wine Glass tend to be more positive. Most are taking a positive view, they say the glass holds 8 ounces when filled to the brim, which makes it the perfect size for boating or spa and pool use. Other people have objective opinions, they believe the glass holds 8 ounces when filled almost to the top, but a comfortable drinking level would be around 7 to 7.5 ounces. Yet, only a small percentage of people have disappointed opinions, and they report that the glass actually holds 10 ounces when filled to the top, not 8 ounces as originally thought."
"Based on the information provided, the faucet in Brushed Nickel finish is 14 inches tall with a swivel spout. The faucet has solid brass construction, a drip-free ceramic disc cartridge, and a single-handle control. The finish is stunning and functional, making it suitable for both traditional and modern styles.","Based on the responses collected regarding the height and swivel aspect of the GotHobby 14"" Contemporary Bathroom Lavatory Vanity Vessel Sink Faucet with Brushed Nickel finish, and the quality of its nickel finish, it is evident that the majority of people have a positive perception. Many give positive answers, they say the faucet is tall, suitable for a vessel sink. Its swivel feature is helpful. The nickel finish is decent, heavy and has no water spots. While a part of people hold a impersonal opinion, they say the faucet is tall and swivels over the sides of a vessel sink but works well. The nickel finish is good quality, but its longevity is unpredictable. Perfect for vessel sinks."
"Based on the information provided, the bed frame is adjustable and suitable for a full-size mattress. It is a heavy-duty solid steel metal frame with center support and glides only, and requires no additional tools for assembly. However, it is important to note that the center support bar is not suitable for a twin-size bed, and the screws to attach the frame to the headboard are not included.","Numerous customers have expressed affirmation with the adjustability of the Heavy Duty 7-Leg Adjustable Metal Queen, Full, Full XL, Twin, Twin XL, Bed Frame With Center Support &amp; Glides Only for a full size bed, they say the adjustable frame works great for a full-sized bed and is easy to adjust. It is also suitable for a queen-size bed."
"Based on the information provided, the Surface RT tablet does not have HDMI or AV ports. However, it is equipped with two 720p HD LifeCams, Wi-Fi and Bluetooth 4.0 technology. It also has a 10.6-inch ClearType HD display, quad-core NVIDIA Tegra 3, 64 GB storage, and up to 8 hours of battery life. Touch Cover/Keyboard is sold separately.","After reviewing the feedback about the available ports of the Microsoft Surface RT 64GB tablet, it is apparent that the majority of people have a negative outlook, they say the touch keyboard is not included and needs to be purchased separately for around $45-$50. Nevertheless, a part pf people hold a satisfied view, they say the tablet has a USB, micro-HDMI, and SD card slot, but an HDMI adapter is needed. Some have used a starter kit for additional ports. Meanwhile, only a few people state neutrally, and they cannot recall the tablet's port information and someone asked about working with images on a website."
"Based on the product information, the Fujifilm FinePix F660EXR comes with a rechargeable Lithium-Ion battery and it includes a battery and charger in its package.","The overall feedback from customers about the battery and charger inclusion in Fujifilm FinePix F660EXR Digital Camera has been mixed, several customers hold positive views, they confirm that the camera comes with its own lithium ion battery and wall charger, with a charging time of about 1 hour. Multiple suggest buying a spare battery while the others have expressed disappointment opinions, they say the initial charging time takes no more than two hours and suggest following instructions. The camera is generally good, but some may stop working after a year. The rest of other customers have provided objective feedback, and they suggest checking the battery direction and fit in the charger and making sure the charger is plugged in properly, as it should not take longer than 150 minutes to charge."
"Based on the information provided, the Professional OBD2 Generic Scan Tool works on all 1996 and newer cars, including Mercedes vehicles produced in 2001. The tool retrieves OEM Enhanced and Transmission DTCs and communicates with all OBD 2 protocols, making it compatible with domestic, Asian and European imports.","When considering the responses to compatibility of Equus/ Innova 3130/ 1303 CAN OBD 2 Pro Global Scan Tool with a 2001 Mercedes, many users enjoy using the product, they say the basic OBD-II functions will work on the 2001 Mercedes, but some advanced tests like ABS and airbag may not support. The Innova 3130/1303 can retrieve specific DTCs for some manufacturers. It should pick up the vehicle automatically. Meanwhile, there are a few customers who have different attitudes, they report that the tool did not work on their Range Rover but worked fine on their GMC. No indication if it will work on a 2001 Mercedes. Yet, only a small percentage of people have disappointed opinions, and they advise against using the tool on a 2001 Mercedes car."
"Based on the information provided, there is no information given about the number of prongs on the center of the bulb. The product is a MaxLite 55W Torchieres replacement bulb with 3900 lumens, warm white color, and a 2700K color temperature, among other features.","Based on the responses collected regarding the prongs in the center of the MaxLite Circline Bulb, 55 Watt, it is evident that the majority of people have a positive perception. Many give positive answers, they say the bulb has 4 prongs in its center. While a part of people hold a fair opinion, they report that the bulb has four prongs arranged at the corners of a small square. Even so, only a few people have criticism with the product, and they did not provide a relevant answer to the question."
"Based on the information provided, the swing can be attached to an existing single rope which has already been hung on a tree limb. The swing is suitable for indoor and outdoor use and can hold up to 250 pounds. Adult supervision is required and two adults are recommended for assembly.","The feedback received about the attachment of Deluxe Platform Hanging Tree Swing to an existing single rope suggests that the opinion is predominantly neutral, they hang it from various things, such as a swing set or a tree branch, using ropes with hooks or chains and carabiners for safety. Meanwhile some others have satisfied feedbacks, they suggest either tying the swing to a single rope or using a swivel hanger with a weight capacity of over 100 pounds. Safety and sturdiness are important."
"Based on the information provided, the fire pit is designed to use propane or butane gas, but it doesn't mention if the unit comes with an igniter. However, it's possible that an igniter could be available for purchase separately.","Based on the responses collected regarding the availability of an igniter for AZ Patio Heaters Fire Pit in Two Tone Hammered Bronze and Stainless Steel, it is evident that the majority of people have a positive perception. Many give positive answers, they say it comes with a built-in igniter, which is usually reliable and integrated with the flame control switch. While a part of people hold a negative opinion, they did not provide an answer related to the igniter's availability or inclusion in the unit, and reported that it was returned with missing parts."
"Based on the information provided, the Gaggia Titanium has adjustable coffee strength settings and a built-in conical burr grinder with 18 adjustable grind settings. The machine also offers five temperature settings, so it is possible to adjust temperature for hotter coffee.","When considering the responses to adjusting strength and temperature settings on Gaggia 90500 Titanium Super Automatic Espresso Machine, many users enjoy using the product, they say that you can make the coffee stronger by adjusting the grind and using the 1/4 size cup button. It's hot, but can be microwaved or steamed for extra heat. Meanwhile, there are a few customers who have different attitudes, they say the machine has grind adjustments for stronger coffee and three cup settings for adjusting the strength, while temperature cannot be adjusted. However, a user recommends against this machine due to poor performance and design flaws. Even so, only a few people have balanced feedbacks, and they suggest increasing the coffee dose and grind to make it stronger but do not know how to make it hotter."
"Based on the information provided, the DVR has an IR night vision function. However, there is no information provided on how to program it for night vision. The device has motion detection, loop recording, a 120-degree wide-angle lens, 330-degree swivel lens, and supports up to 32GB SD card. It has a rechargeable battery and can record while it's charging. Additionally, it comes with a suction cup mount for easy mounting.","When examining the responses gathered about programming the Generic HD 720P Dual Lens IR Night Vision Car DVR Camera Dash Cam Video Recorder for night vision, it's apparent that users have differing opinions about the product. Some people have satisfied opinions, they state that the device's night vision is automatic and uses an IR lens. However, if needed, a manual program can be accessed by following specific steps while others had negative experiences, they report that the night vision programming is subpar, with the camera underwhelming in low light conditions and unable to read license plates. The rest of other customers have provided objective feedback, and they indicate that the little camera automatically switches to night vision, but they are unsure how to turn off night vision on the main camera."
"Based on the information provided, assembly is required for the 3.1AE elliptical machine. The level of difficulty is unclear. The machine features a six-star certified frame, 20 levels of power incline, and a polar receiver with a free chest strap. The machine comes with a lifetime frame warranty, and its user capacity is 325 lbs.","When examining the responses to the assembly process of the AFG 3.1 AE Elliptical machine, it becomes clear that most people have a positive perception, they say assembly is required which takes about 3-5 hours, but it's not difficult with good instructions provided. While only a percentage holds a poor view, they say assembly is required and can be time-consuming, especially due to the weight and number of pieces. Some found it difficult Meanwhile, only a few people state neutrally, and they confirm assembly is needed for the machine but it is not difficult. All parts, including head, arms, legs and base, have to be installed."
"Based on the provided information, Rockford Fosgate RFI2SW is a composite RCA connector that adapts high level speaker to low level RCA adapter using OFC for corrosion resistance. It is suitable for Speaker devices and comes with a Male-to-Male connector. The product has a compact design and weighs 1.92 ounces.","Based on the responses collected about the length of Rockford Fosgate RFI2SW adapter cable from speaker wires to RCA plug, it's evident that the product has both its supporters and detractors. Many users enjoy the product, they state that the product has a length of approximately 2 feet. However, there were some users who had negative experiences, they report conflicting information about the length of the item, with one saying it is at least one foot long, and another saying it is only 6 inches. The rest of other customers have provided objective feedback, and they report varying lengths, with the product ranging from 8-16 inches, and offer suggestions like couplers to extend it."
"Based on the information provided, Moen DN7110 Teak Folding Shower Seat can be installed on the wall with studs that are 16-inch center to center. This stylish shower seat comes with an elegant teak wood with a sturdy aluminum frame, supports up to 400 pounds and is backed by Moen's Limited Lifetime Warranty.","Upon analyzing the feedback about the installation compatibility of Moen Teak Wood Folding Shower Seat on 16-inch center to center studs, it is clear that most people have a positive outlook. Many individuals have very positive attitude, they say the shower seat can install on 16-inch center to center studs, but recommend verifying stud location and adding blocking for secure anchoring. While a proportion hold a impersonal opinion, they don't provide an answer to the question and instead ask about cleaning difficulty and methods. Even so, only a few people have criticism with the product, and they report that solid blocking is needed behind the seat and the holes will not align with 16-inch studs."
"Based on the information provided, it is unclear if the bumper will work with the 2014 model. While the manufacturer Warn states that it is only compatible until 2013, other websites suggest that it may work with 2014 models. It is recommended to confirm compatibility with the specific vehicle model in question.","Based on the responses gathered about compatibility of WARN 87750 Elite Series Front Bumper with Grill Guard Tube with the 2014 model, it's clear that opinions are divided. While some users have a positive experience with the product, they say it works on a 2014 Jeep Rubicon with a perfect fit and easy installation, but may require custom vacuum bracket and evaporation canister relocation bracket and a small part has negative experiences, they suggest contacting the manufacturer directly for a definitive answer on whether the product fits a 2015 model, rather than relying on salespeople. The rest of other customers have provided objective feedback, and they claim it works on a 2014 model despite Warn's website stating compatibility only up to 2013."
"Based on the information provided, these motorcycle goggles made by Global Vision have soft airy foam padding, shatterproof polycarbonate lenses, and scratch-resistant coating. The product also has a UV400 filter for maximum UV protection. It is not mentioned whether these goggles can fit over Rx glasses.","After analyzing the responses about compatibility of ELIMINATOR GOGGLES with prescription glasses, most users hold the positive view, they report that these goggles are not intended to be worn over prescription glasses, but function well as standalone goggles. While a part of users who have objective opinions, they recommend ski goggle types for fitting over Rx glasses. These particular ones are tight and slim on the face. Even so, only a few people have criticism with the product, and they say that the goggles won't fit over prescription glasses and may cause discomfort if worn together. Some suggest using lenses behind the goggle lens instead."
"Based on the information provided, there is no information related to the Broan 100HL bath fan's heating element failing. However, the product features a high-output 1500-watt heater, an exhaust fan, and 100-watt fluorescent lighting, enhancing the bathroom's comfort level. The fan operates quietly and has convenient directionally-adjustable design, fitting in 2 x 6-inch ceiling construction, and requires a dedicated 20-amp circuit, making it easy for installation.","When examining the responses gathered about the issue of heating element failure in Broan 100HL Directionally-Adjustable Bath Fan with Heater and Fluorescent Light, it's apparent that users have differing opinions about the product. Some people have satisfied opinions, they say that the company is quick to help and send replacements when the heating element fails, and that they have had no further issues since the replacement while others had negative experiences, they report that the heating element fails within a few months of installation, but the customer service is good. Some have replaced the model with a different one. The rest of other customers have provided objective feedback, and they haven't experienced heating element problems, but one user noticed slower unit start-up. Another user worries after only three months of use."
"Based on the information provided, the Simraceway SRW-S1 Steering Wheel offers a durable and high-performance handheld racing wheel for PC gaming. It features a patented throttle and brake lever system, rubberized racing wheel comfort grips, and has been tested and approved by professional racing drivers and SimRacing World Champions.","When considering the responses to the durability of SteelSeries Simraceway SRW-S1 Gaming Steering Wheel, many users enjoy using the product, they say it is well-built and durable, with all buttons and lever functioning correctly. The wheel is solid and will last for a long time. Meanwhile, there are a few customers who have different attitudes, they say it works with certain driving games such as F1 (2011, 2012) and Blur, but the steering range may be limited. Not tested with the Need for Speed series. Yet, only a small percentage of people have disappointed opinions, and they report mixed durability experiences with the item, with some experiencing quick breakage but liking the product, and others being disappointed with lack of repair options."
"Based on the information provided, the Maxell Amplified headphones are not actually amplified as there is no battery. They focus on dynamic sound quality through extra large 40mm drivers and provide comfortable wear with cushioned ear pads. They are compatible with various devices and have a foldable design for travel.","Many customers have voiced their positive feedback on the amplification feature of Maxell 190265 Fold Up Wired Lightweight Soft Comfort Extra Large 40mm Long Wear Headphones Amplified-Blue, they say these headphones are not battery-operated but are pre-amped with excellent bass, providing great sound quality and durable construct. and expressing their satisfaction with it."
"Based on the product description, the Lenmar BCUNI3 charger can charge most Lithium-Ion batteries, including the Parrot Zik Lithium-Ion Rechargeable Battery. It also features an adjustable battery contact and tensioners to fit most 3.6-7.4V batteries, an international AC and DC adapter, and an integrated USB output port to charge other USB-powered devices.","Customers have expressed great affirmation with compatibility of Lenmar's All-in-One AC/DC Battery Charger with LCD Display and USB port for charging Parrot Zik Lithium-Ion Rechargeable Battery, they say that the charger can charge the Parrot ZIk Lithium-Ion Rechargeable Battery quickly, but the design may seem ""frail"" or ""ghetto.."
"Based on the information provided, there is no information about when the product will be available for delivery. However, the Canon PowerShot SD3500 IS Digital ELPH is a high-quality camera with a 14.1-megapixel resolution, 5x optical zoom, and 720p HD movie shooting capability. It also features a 3.5-inch touch panel LCD screen, 19 shooting modes, and comes with various accessories.","After analyzing the responses gathered regarding availability of Canon PowerShot SD3500IS 14.1 MP Digital Camera with 3.5-Inch Touch Panel LCD and 5x Ultra Wide Angle Optical Image Stabilized Zoom (Black), it appears that the sentiment is predominantly neutral and objective. Many people provide a balanced perspective, and they report various estimates, with one person stating a late February expectation, another noting it was ready to ship on February 15th, and someone else mentioning it will be available towards the end of the month. Other people have positive opinions, they report delivery times ranging from the estimated date of 2/18 to arriving three to five days earlier. One user received the product and praises the camera."
"Based on the information provided, the Luvvitt ICE case is a high-end and extremely durable case made from flexible Japanese thermoplastic material that offers low profile protection. The case allows quick and easy access to ports and buttons, fits the iPhone like a glove, and offers longer life and higher durability than silicone cases. The case is not bulky, easy to install and can protect the device against scratches, scuffs, and minor drops.","When considering the responses to the suitability of Luvvitt Frost Soft Slim Clear TPU Rubber Case/Back Cover for iPhone 5/5S in protecting a newly purchased iPhone 5s, many users enjoy using the product, they say the gel silicone case is great for protecting iPhones from drops and scratches. It is slim, fits well, and has saved phones from damage. Meanwhile, there are a few customers who have different attitudes, they recommend getting an Otterbox case instead of using the mentioned case for better protection of the iPhone."
"Based on the information provided, there is no mention of Sony Vaio T13 touch compatibility with this MacBook felt sleeve carry bag. The carry bag is suitable for 13.3 inch MacBook Air, Acer Aspire S3, S5, S7, Asus Zen book UX31, HP specter at, Samsung SERIES 9 NP900X3B, Samsung SERIE 5 NP530, Toshiba Satellite Z830 Ultrabook.","The responses received about whether Sony Vaio T13 touch fits the EasyAcc 13.3 inch Macbook Felt Sleeve Carrying bag Ultrabook Laptop bag reflect a mostly negative sentiment. A lot of people are not satisfied with the product, they say the Sony Vaio T13 touch won't fit as its open side is larger than the Macbook Air 13"". And a few respondents have a satisfied perspective, they say the case fits 13-inch laptops and the Macbook Air fits perfectly. It might fit the Sony Vaio T13 touch with a chance of being a little larger."
"Based on the information provided, the weight limit of this stroller is not mentioned. However, the stroller has a large storage basket and cup holders and top, front and rear ventilation. It is also easily foldable and has front and rear entry. It is unclear whether a 40lbs Corgi would fit in this stroller.","After reviewing the responses to the weight limit and suitability of BestPet 3-Wheel Pet Stroller for a 40lbs Corgi, it appears that the majority of users have positive experiences with the product. Specifically, many users appreciate it, they report the maximum weight limit for the stroller is 33 lbs and may not accommodate a 40 lbs Corgi. However, there are a few users who expressed impartial views, they had a negative experience with the stroller and recommend purchasing one with separate front wheels."
"Based on the information provided, you can set the Orbit Mechanical Watering Timer for day after day use without the need to set it every day. Simply twist the dial to the desired watering duration, and it will turn off automatically. The manual override feature can keep the water flowing as long as needed. It requires no batteries, saves water in drought conditions, and is made of durable high-impact plastic.","After analyzing the responses about the frequency of setting for Orbit 62034 Mechanical Watering Timer, most users hold the positive view, they say that the timer needs to be reset every time it is used and can save water. It has a max setting of 2 hours and manual mode can be used for unlimited time. It should be drained in winter. While a part of users who have impartial opinions, they say the product is manual and needs to be set every day, but it is reliable and cost-effective."
"Based on the information provided, the price mentioned is for a single replacement rechargeable Ni-Cad battery for the TIF8900 combustible gas detector. It comes with a one-year limited warranty, and the product dimensions are 4 x 1 x 1 inches.","Many customers have voiced their positive feedback on the price of Robinair TIF8806A Replacement Rechargeable Ni-Cad Battery for TIF8900, they say the price of $39.95 is for a pair of batteries, which is a good price, and it's recommended to confirm with the supplier. and expressing their satisfaction with it."
"Based on the information provided, the Sony DVP-SR210P progressive scan DVD player comes with an A/V cable that includes 1 x component video output, 1 x composite video output, and 1 x digital audio output. Therefore, the necessary cables for connecting the DVD player to a TV are included in the box.","Opinions about the required cables for Sony DVPSR210P DVD Player tend to be more positive. Most are taking a positive view, they say it comes with its own cables, including RCA cables, and advise matching colors to the TV inputs. An HDMI port is not included. Other people have objective opinions, they suggest using standard red, white and yellow RCA cables as it is unknown if the unit is shipped with cables. Even so, only a few people have criticism with the product, and they suggest that one would require RCA cables with yellow, red, and white connectors instead of HDMI cable."
"Based on the information provided, the length of the chews is not specified. However, rawhide chews help exercise dog's jaws, promote dental health, and satisfy their natural chewing instincts. The product dimensions are 3 x 9.5 x 11.5 inches and it is manufactured by Top Dog Treats and Chews.","When examining the responses to the length of HDP Cadet Retriever Rolls Rawhide 10"" chews, it becomes clear that most people have a positive perception, they report that the chews are at least 10-12 inches long and can be cut into smaller pieces. The size is bigger than expected but their dogs love them. While only a percentage holds a negative view, they say the chews are approximately 10.25 inches long. However, some customers reported gastrointestinal issues and poor quality"
"Based on the information provided, the product description and feature bullets do not mention any specific requirement for the drill type or strength needed to use these diamond-coated bits on granite. It is recommended to refer to the drill manufacturer's guidelines for drilling through 3/4"" granite.","Upon analyzing the feedback about the required strength of the drill to use LOT 10 Pcs SET Diamond Hole Saw Drill Bit Set for drilling 3/4"" granite, whether a standard home drill with a battery, an industrial strength or an air-drill would be sufficient, it is clear that most people have a positive outlook. Many individuals have very positive attitude, they say a standard home drill with a battery can be used on granite up to 1'' thick but recommend using water to cool the bits. While a proportion hold a impartial opinion, they suggest the drill bits have strong capabilities and might be able to cut through cement block when used with water, although unsure."
"Based on the information provided, the cage has an EZ-clean deep scatterless base, which can be easily removed and replaced. The kit includes 3 safety ramps, 3 comfort shelves, a food dish, a hammock, and an 11-inch exercise wheel. The cage snaps together easily with no tools required, and is made using chew-proof coated wire and stain-resistant plastic parts.","When examining the responses to cleaning Super Pet My First Home for Exotics, Large, it becomes clear that most people have a positive perception, they say the top cage part is easily removable and that wiping the shelves and cleaning the pan is simple. The cage requires occasional scrubbing. While only a percentage holds a poor view, they suggest removing the cage and disposing of the waste for cleaning Even so, only a few people have balanced feedbacks, and they believe the bar spacing is small enough to prevent even a baby mouse from squeezing through, ensuring safety for Syrian/Teddy Bear hamsters."
"Based on the information provided, this fog light assembly (part no. 26150-EA025) is an exact replacement for the 2010 Nissan Xterra. The package includes lens, housing, socket, and bulb, and it is certified by DOT/SAE. The special coating prevents hazing and fading, ensuring proper illumination and operational safety.","Based on the responses collected regarding compatibility of Nissan Xterra Replacement Fog Light Assembly with 2010 Nissan Xterra, it is evident that the majority of people have a positive perception. Many give positive answers, they say that the fog light fits 2005-2013 Nissan Xterra models and requires partial disassembly for installation but doesn't come with wiring attachments. While a part of people hold a impartial opinion, they recommend checking Xterra forums, as they are unsure if the fog light will fit a 2010 Nissan Xterra based on their experience with a 2008 model."
"Based on the information provided, the Melissa & Doug wooden furniture set includes thrones and a treasure chest, which suggests that the furniture is appropriately sized for use with dolls. However, exact dimensions of the furniture pieces are not provided to confirm if they are suitable for use with Barbie-sized dolls.","From the responses gathered about the compatibility of the Melissa & Doug Princess Castle Wooden Dollhouse Furniture (12 pcs) with Barbies, it appears that the majority of people hold a negative view. they report that the furniture is too small for Barbie dolls, but works well with smaller dolls such as Fisher Price Little People or Disney Princess dolls with clip-on clothes While some others have optimistic feedbacks, they say the furniture is too small for full size Barbies, but great for miniature Barbie or princess dolls."
"Based on the information provided, the bath towel measures 56 x 30 inches and weighs 31 ounces. It doesn't provide information about the number of towels, so it can't answer the question about the number of towels per set.","When examining the responses to the quantity of Pinzon Luxury 820-Gram Cotton Bath Towel - Plum per set, it becomes clear that most people have a positive perception, they didn't agree on the number of towels per set, some got two while others ordered individually. One person received only one thick, large and heavy bath towel. While only a percentage holds a unfavorable view, they report that there is no set available for the product, and one unit was purchased"
"Based on the information provided, the FloodStop kit can be used long term with batteries with a beep alarm to alert low or no battery as backup power. However, it is recommended to install the kit in fifteen minutes and place sensor at the base of the water heater to detect leaks early, triggering immediate water flow shutdown.","The feedback gathered about the long term use of FloodStop Water Heater Auto-Shutoff Valve with batteries only indicates a predominantly negative sentiment. Many people are disappointed with the product, they advise against prolonged battery use; batteries are only for power outages. Nonetheless, a proportion of people hold a impersonal outlook, and they say installing the product depends on one's comfort with plumbing work. Shut off the water line and insert the valve. Soldering in the new piece of pipe with the valve is necessary. Calling a plumber is advised otherwise. Even so, only a few users have positive experiences with the product, and they say you can use the unit long term with batteries, but be sure to use fresh batteries and monitor them closely. It will give a warning when batteries are low."
"Based on the information provided, the Canon PowerShot A590IS is a basic, reliable camera that is easy to use and has an 8-megapixel CCD, a 4x optical zoom, and an Optical Image Stabilizer. It features shooting modes from manual to automatic, including an Easy Mode for carefree picture-taking, and is compatible with shooting accessories. The A590IS has a Print/Share button for direct printing and downloading, and the camera also features an iSAPS Technology for focus speed and accuracy. The camera has a high ISO of 1600 and High ISO Auto settings for shooting in low light situations, which makes it a better choice for beginners between Nikon Coolpix and Canon PowerShot.","Opinions about comparing the Nikon Coolpix and Canon Powershot for a basic camera with a reasonable price for a not-so-skilled photographer are mixed, with some users hold a positive view, they say the Canon Powershot is easier to use with manual controls and a viewfinder. The Nikon Coolpix takes sharper photos despite being more expensive. However, others are taking a negative view, they prefer the Canon Powershot and have negative feedback for the Nikon Coolpix due to low-quality photos. They also consider a Panasonic Lumix as an alternative, but seek updated recommendation. The rest of other customers have provided objective feedback, and they report bad experiences with Nikon Coolpix and Canon Powershot. They express interest in finding a reliable basic camera that is easy to use."
"Based on the information provided, the Pinzon bath towel is sold in a set of one (1) piece. The bath towel is designed with a classic pique border and weighs 820 grams per square meter. It is 100% cotton, measures 56 x 30 inches, and weighs 31 ounces.","After analyzing the responses about the quantity of Pinzon Luxury 820-Gram Cotton Bath Towel in a set, most users hold the positive view, they provide a set of 1 bath towel, 1 hand towel, and 1 washcloth. Some customers received two sets, while others received only one thick and heavy bath towel. While a part of users who have neutral opinions, they ordered individual items, not sets."
"Based on the information provided, the Sony MOTOR DC fan part number 883586011 or 8-835-860-11 is compatible with Sony KDS-60aA2000. However, the given information does not mention anything about including instructions on how to replace the fan. It is recommended to contact Sony customer support for further information regarding the replacement process.","Upon examining the responses to instructions for replacing the Sony SFF21C-C-NP DC fan in a Sony KDS-60AA2000 TV, it is evident that most people have a neutral opinion, and they suggest looking for a DIY video on YouTube as there are no instructions included for replacing the fan on Sony KDS-60aA2000 TV. And a few people have a poor outlook, they did not receive instructions for replacing the fan of their Sony KDS-60aA2000 TV. A repairman from Best Buy had to do it, but the replacement fan malfunctioned. Simultaneously, only a small percentage of people have positive views, and they suggest finding a helpful instructional video online for replacing the fan in a Sony KDS-60aA2000 TV."
"Based on the information provided, the MSI GE70 laptop comes equipped with a 2.4 GHz quad-core Intel Core i7 processor, 12GB of RAM, a dedicated Nvidia Geforce GTX765M graphics card with 2000 MB VRAM, and USB 2.0 and 3.0 ports. These specs make it ideal for running League of Legends and Minecraft on high settings.","After analyzing the responses about the gaming performance of MSI G Series GE70 2OE-017US 17.3-Inch Laptop (Black/Red) for League of Legends and Minecraft, most users hold the positive view, they say this laptop runs games like League of Legends, Dota 2, Minecraft, Skyrim, and even Final Fantasy XIV ARR with no issues on high settings. While a part of users who have impartial opinions, they report that the product runs League of Legends on maximum settings, but are not sure about Minecraft's performance. Yet, only a small percentage of people have disappointed opinions, and they recommend searching for potential issues with League of Legends, as their experience suggests it can cause system restarts, but the product is generally capable of running both games on high settings."
"Based on the information provided, the RCA DPDM90R 9-Inch DVD Player With Digital TV allows you to watch live digital TV programming on a 9-Inch widescreen display, and also supports DVD, CD/CD-R/RW and JPEG file discs. It features a built-in lithium-polymer battery for 2+ hour run time, but no information is provided on the sound quality.","The responses to low volume issue on RCA DPDM90R 9-Inch Portable Digital TV with Built-In DVD (Black) are varied, with some users reporting positive results and noting that they suggest using external speakers with a volume control or checking for factory defect, while also recommending purchasing a small bluetooth speaker for improved sound quality. However, other users have had negative opinions, they say the sound is very low, possibly due to the defective player, and there are design problems, so it's not recommended. Some have returned the product. Moreover, there are also some people who reply objectively, and they suggest that the low sound issue may be due to improperly connected external speakers and recommend ensuring the speaker jack is fully inserted."
"Based on the information provided, the NETGEAR Powerline Nano500 Set can extend the internet access to any electrical outlet, including power strips, for desktop PCs, smart TVs, gaming consoles, and set-top boxes. The Push-and-Secure button allows for easy and secure connection without the need to remember passwords. The energy-saving features automatically power down when not in use or not connected.","After reviewing the feedback about whether the NETGEAR Powerline 500 Nano 1 GigE Port Starter Kit (XAVB5101) can be plugged into a power strip instead of a wall outlet when using a desktop computer connected to the power strip, it is apparent that the majority of people have a negative outlook, they say not to plug the ethernet adapter into a power strip as it can degrade transmission. The manufacturer warns against it. Nevertheless, a part pf people hold a favorable view, they say it's not recommended to plug the ethernet adapter into a power strip due to signal degradation, but some have done it successfully."
"Based on the information provided, the T-fal BF6520003 Vitesses Electric Kettle comes with an anti-scale filter that collects unwanted impurities in water and is removable for easy cleaning. It also has a boil-dry protection with automatic shut-off feature. However, there is no specific information provided about how to get rid off the terrible plastic tasted.","The responses to a solution for removing the plastic taste in T-fal BF6520 Vitesses 1.7-Liter Electric Kettle with Variable Temperature, White are varied, with some users reporting positive results and noting that they report not experiencing plastic taste, suggest cleaning with vinegar solution, or boiling with lemon juice to remove the taste. However, other users have had negative opinions, they confirm it does not whistle and only has an automatic shut off feature. The boiling noise is also reported to be not too loud. Moreover, there are also some people who reply objectively, and they don't experience the issue of a plastic taste in the product."
"Based on the information provided, the Panasonic KX-TG6533B DECT 6.0 PLUS phone system has a digital answering system that allows users to preview the message before answering. The phone block feature can block calls, but it does not specify if incoming messages play through the base speaker. It has a talking caller ID feature that announces the name of the caller.","After reviewing the responses to whether the Panasonic KX-TG6533B DECT 6.0 PLUS cordless phone allows screening calls by playing incoming messages through the base speaker, it appears that the majority of users have positive experiences with the product. Specifically, many users appreciate it, they say the phone system announces incoming calls through the speaker for call screening, blocks unwanted calls, and allows for screening by listening to incoming message. However, there are a few users who expressed neutral views, they don't have experience using the answering machine, but appreciate the talking caller ID feature. Yet, only a small percentage of people have disappointed opinions, and they report that the answering machine can screen calls and play incoming messages through the base speaker, but there is no alert when a message is received."
"Based on the information provided, it is not clear whether the boxes fit together to prevent sliding or simply rest on top of each other. However, the stackers are designed to provide enough space to store jewelry items of various kinds and allow you to create your own personalized jewelry box by choosing from different interior layouts and sizes. Also, it is possible to add Stacker Accessories for extra storage.","Opinions about the fit of the Stackers Jewelry Box set tend to be more positive. Most are taking a positive view, they say the boxes fit together into an interlocking groove to prevent sliding, but need to be picked up carefully at the bottom. The system allows for customization and expansion. Other people have impartial opinions, they fit together securely to prevent sliding, but without latching. However, the fit is not deep enough to tilt the stack."
"Based on the information provided, this propane/natural gas heater has an easy push-button piezo ignition and does not require electricity. However, it is not specifically mentioned whether this unit turns off and on as needed using the thermostat settings, so it would be best to confirm with the manufacturer.","When considering the responses to the thermostat settings for ProCom Vent-Free Dual Fuel Infrared Radiant Wall Heater - 3-Plaque, 20,000 BTU, Model# MNSD3TPA, and whether it turns off and on as needed, many users enjoy using the product, they say the unit turns on/off as needed based on set thermostat settings. And they are satisfied with its performance and recommend it. Meanwhile, there are a few customers who have different attitudes, they suggest adjusting the thermostat on the current unit as it may not be working properly to turn on and off as needed."
"Based on the information provided, the overall measurements of the shot glass display case are 26 1/8""H X 26""W X 3 5/8""D, while the dimensions for the small slots are 2.25""H X 2.1""W X 2.25""D, and the dimensions for the tall slots are 4.5""H X 2.25""W X 2.25""D. Therefore, the dimensions of the case are 26.2 x 26 x 3.75 inches.","When considering the responses to the dimensions of the 71 Shot Glass Rack Wall Display Case Holder Cabinet in Oak Finish, many users enjoy using the product, they report the case's dimensions to be 26-27 inches wide, 27 inches tall, and 3-3.8 inches deep, and weighing 18.5 pounds. Meanwhile, there are a few customers who have different attitudes, they report the dimensions of the case as either 26 5/8 x 27 x 3 5/8 or 26""w x 27""h X 3-1/4""d."
"Based on the information provided, the Thermaltake CL-P0497 Intel Heatsink with Fan is compatible with Intel Core 2 Duo, Pentium D, Pentium 4, Celeron D series, including Socket LGA775, which is the same socket type as the Dell Dimension 4700 computer.","When it comes to compatibility of Thermaltake CL-P0497 Intel Heatsink with Fan in Dell Dimension 4700 computer, the responses are mixed, with some users expressing positive views and others having negative experiences. On the positive side, they say that the Thermaltake Intel 775 Fan will work on a Dell Dimension 4700 computer if the mounting pins match the pre-drilled holes in the motherboard. It should be easy to install by removing the motherboard. However, on the negative side, they suggest checking with Dell's spare parts department, as Dell often uses proprietary parts for its main logic board. Moreover, there are also some people who reply objectively, and they suggest checking the compatibility and size before purchasing. One response mentions that the heat sink and CPU fan constructions of Dell PCs are different."
"Based on the information provided, there is no mention of any cookie pieces being a choking hazard. However, as a precautionary measure, it is always recommended to supervise children while they are playing with small toys and keep them away from young children who might put them in their mouths.","After analyzing the responses gathered regarding the safety of Melissa & Doug Slice-and-Bake Wooden Cookie Play Food Set: Are any of the cookie pieces a choking hazard, it appears that the sentiment is predominantly neutral and objective. Many people provide a balanced perspective, and they say all cookie pieces are large and there is no choking hazard. The smallest pieces are the toppings, about 1 inch. Other people have favorable opinions, they say the cookie pieces are not a choking hazard and are of a good size for young children. The Melissa and Doug product is highly recommended."
"Based on the information provided, to locate the place to screw in the Doggie Doo Drain, you need to find your sewer/septic clean-out. The product accepts 3 and 4-inch sizes and requires no assembly, it installs in minutes by simply screwing it onto your clean-out attachment.","When considering the responses to finding the location to attach Doggie Doo Drain to a sewer line without a clean-out spot, many users enjoy using the product, they suggest looking for a sewer cleanout opening with a screw-on cap, usually located outside the house near the main sewer line or foundation. Meanwhile, there are a few customers who have different attitudes, they advise to locate a white PVC pipe running to the sewer, which is found in various areas, and screw the product onto this spot for both septic and sewer tanks. Another suggestion is to purchase a septic tank and use enzymes."
"Based on the information provided, the Unicatch USC71/16L upholstery stapler requires air power, meaning it can't be used as a regular stapler. It is perfect for stapling upholstery, holding approximately 178 staples and taking in staples of length between 5/32"" and 5/8"". There is no need to buy any additional parts, and it can be quickly reloaded via the bottom-loading magazine.","When it comes to whether the Unicatch USC71/16L Long Nose Upholstery Stapler requires air pressure or if it can be used as a regular stapler without additional parts, the responses are mixed, with some users expressing positive views and others having negative experiences. On the positive side, they say the stapler requires air pressure from a mini compressor and cannot be used as a regular stapler. However, on the negative side, they say this stapler only works with air pressure and requires an air compressor not below 65 psi and not exceeding 120 psi. Moreover, there are also some people who reply objectively, and they confirm that the stapler requires air pressure and cannot be used with electricity. A compressor is needed to operate this tool."
"Based on the information provided, the Incase CL57934 Origami Workstation for iPad and Wireless Keyboard can be used with any wireless keyboard. The workstation provides a secure snap-in keyboard attachment and folds into a stand for iPad 2. There is no recommendation for a specific mouse.","Upon analyzing the feedback about compatibility with keyboard and mouse for Incase CL57934 Origami Workstation for iPad and Wireless Keyboard, it is clear that most people have a positive outlook. Many individuals have very positive attitude, they suggest using an Apple wireless keyboard with the Orgami Workstation, designed for iPad. No need for a mouse, as the iPad's touch screen suffices. While a proportion hold a impersonal opinion, they say that only the Apple Bluetooth keyboard can be used with the Origami Workstation, and using a mouse is not possible. Any keyboard works well with it. Yet, only a small percentage of people have disappointed opinions, and they suggest using the Apple keyboard with the Orgami Workstation. However, a mouse cannot be used with the iPad, according to their research."
"Based on the information provided, the Fitletic Hydra 16 hydration belt has water-resistant insulated neoprene pouch to protect valuables including smartphones, and two BPA-free 8 oz hydration bottles with quick flow race caps which are easily accessible and replaceable. Therefore, the Fitletic Hydra 16 hydration belt is unlikely to experience water bottle leakage.","About customer comments on leakage of Fitletic Hydration Belt - HD08 Hydra 16 has received high praise from many customers, they say there are no leakage issues with the hydration belt as long as the lid is screwed on properly. Some versions without pull-up nipples have improved performance."
"Based on the information provided, the Bushwick Bulb Set is sold in one box of four bulbs. These bulbs feature a hand-woven tungsten filament, brass E26 base, and antique glass finish. Additionally, the bulbs are dimmable, fully exposed and suitable for indoor and outdoor use.","Based on the responses collected about the packaging of Edison Style ST18 Vintage Bulbs - whether they come as one box of 4 bulbs or 4 separate boxes with 1 bulb each, it's evident that the product has both its supporters and detractors. Many users enjoy the product, they are individually boxed and packaged in a larger box. However, there were some users who had negative experiences, they say the product is packaged in separate boxes, with one bulb each, but some customers have reported issues with the packaging. The rest of other customers have provided objective feedback, and they are packaged in one larger box containing 4 individually boxed bulbs."
"Based on the information provided, the product dimensions of the Lynk Professional single tier drawer are 21 inches by 11 inches by 4 inches, with the 4-inch height measured from the bottom of the shelf.","After analyzing the responses about clarifying the measurement of the 4"" height in the Lynk Professional Organizer with Pull Out Under Cabinet Sliding Shelf, most users hold the positive view, they say the 4"" height is from the cabinet floor to the top of the basket, including the whole assembly. The basket is 2"" deep. While a part of users who have balanced opinions, they say the 4 inch height is from the bottom of the shelf to the top of the wire basket. The unit is easy to install and can hold heavy items effortlessly."
"Based on the information provided, there is no specific information about how to remove the seat bolts included with the Bestop Under Seat Locking Storage Box for Wrangler JK. However, the product is designed for an easy, bolt-in installation using factory seat riser bolts with no additional hardware required.","Based on the responses collected regarding the difficulty in removing seat bolts for Bestop 42640-01 HighRock 4x4 Under Seat Lock Box installation, despite the claim from the manufacturer that it is easy and can be done in 15 minutes, it is evident that the majority of people have a positive perception. Many give positive answers, they offer tips on how to remove the seat bolts easily, including using a breaker bar or lug wrench, unplugging the electric plugs, and applying a lubricant like PB Blaster. While a part of people hold a impartial opinion, they suggest using a penetrating lubricant and waiting for 30 minutes for the removal of seat bolts. Another recommendation is using an impact wrench due to its difficulty."
"Based on the information provided, the Ballistic SG Maxx Series case for the Apple iPhone 5C offers 4 layers of engineered drop protection, a durable holster, reinforced corners, and a screen protector, indicating that the product completely seals the phone. Its integrated silicone port covers also add an extra layer of protection against dust, dirt, and debris.","The feedback gathered about the sealing ability of the Ballistic SX1149-A065 SG Maxx Case for Apple iPhone 5c indicates a predominantly negative sentiment. Many people are disappointed with the product, they report that the product does not completely seal the phone and is not waterproof due to holes for charging and headphones. Nonetheless, a proportion of people hold a objective outlook, and they report that the product does not completely seal the phone, but provides protection if dropped. Simultaneously, only a small percentage of people have positive views, and they report that the product is not a complete seal for the phone, but it is durable."
"Based on the information provided, the LED under cabinet light is a suitable replacement for fluorescent lights as it can be hardwired or plugged in, has a voltage of 120V, and can be linked to up to 10 other fixtures. It is also dimmable and has a starting temperature of -4 Deg F.","Almost all customers have reported that compatibility of replacing fluorescent under cabinet lights with Morris Products 71264 LED Hardwire under cabinet lights has exceeded their expectations, they say you can use existing wiring as these LED lights take standard 115V AC power like fluorescent lights. Just pay attention to polarity."
"Based on the information provided, the Canon PowerShot SX230 HS offers a 12.1 Megapixel CMOS sensor, DIGIC 4 Image Processor, and a powerful 14x Optical Zoom with Optical Image Stabilizer, making it versatile for traveling and everyday photography. It also has Full 1080p HD video recording and GPS tagging technology to record location and time of the photos.","The opinions to the difference between Canon PowerShot S95 and SX230 HS models and recommendations for which one to choose are mostly neutral, and they say the S95 is good for up-close pictures while the SX230 is better for different activities. Video quality and intended use should be considered. And some others have a disappointed opinion, they report that the S95 has a bigger sensor than the SX230, making it a better option. The SX230's white balance and low light performance were not impressive. Simultaneously, only a small percentage of people have positive views, and they say S95 is for serious photographers and has a better lens with wider aperture while SX230 is for smartphone photographers without an optical lens."
"Based on the information provided, the apron can hold bottled or canned beer securely while grilling. It features an adjustable strap that fits all sizes and is suitable for parties. However, it is not specified whether the pockets are designed to hold bottles or cans more effectively.","When it comes to whether bottled beer or canned beer would fit better in the BigMouth Inc The Grill Sergeant BBQ Apron and if either would fall out easily, the responses are mixed, with some users expressing positive views and others having negative experiences. On the positive side, they say bottled beer would fit fine and wouldn't fall out easily on the apron, based on their experience of putting a 6-pack of bottles in. However, on the negative side, they recommend using cans over bottles as they are more secure and avoid falling out easily while bending over. Bottles are taller and could be uncomfortable on the apron. Moreover, there are also some people who reply objectively, and they say bottled beer may fit on the apron but won't be as secure as cans due to loose elastic, yet it won't easily fall out thanks to a deep belt."
"Based on the information provided, the cabinet has 2 interior fixed shelves, including one shelf inside the cabinet, but it is unclear if the second shelf is also inside the cabinet or not.","Most of the opinions to the number of shelves in the RiverRidge Ellsworth Collection Two-Door Wall Cabinet, Espresso are neutral and objective, they say the cabinet usually has one shelf divider, dividing the space into two shelves. The shelf is usually fixed, and the height of each space is around 9 inches. Nonetheless, a proportion of people hold a satisfactory outlook, and they say that the cabinet has only one shelf which makes it suitable for small spaces with ample storage options."
"Based on the information provided, the clear part of the case is made from a dual-injected durable polycarbonate and thermoplastic polyurethane. The Poetic brand offers a 3-year warranty against defects in material or workmanship for products bought through authorized dealers. The case is designed for Nokia Lumia 928 and features a razor-thin profile, raised lip for screen protection, and a transparent material for a stylish look.","The responses collected regarding the material of the clear part of Poetic Nokia Lumia 928 Case from the Atmosphere Series suggest that the product has generated a range of opinions among users. While some users have positive experiences with the product, they say the clear part of the case is hard plastic while the grey trim is a softer material that might be silicone. And others encounter issues, they say the clear part of the case is a tough plastic, not silicone, with a slightly foggy appearance. The rest of other customers have provided objective feedback, and they report that the clear part of the case is made of hard plastic while the gray part is a hard rubber or silicone material."
"Based on the information provided, the Philips 13W Energy Saving LED BR30 Bulb can replace your 65W incandescent BR30 bulb and is fully dimmable, making it suitable for use in a lighting fixture that allows a maximum of 60 watts. It is a mercury-free, energy-efficient option that lasts at least 22.8 years and produces a wide beam of soft white light.","Many customers have voiced their positive feedback on compatibility of Philips 423798 10.5-Watt to 13-Watt (65 Watt) BR30 Indoor Soft White (2700K) Flood LED Light Bulb with a lighting fixture that allows a maximum of 60 watts, they say that it's safe to use a 65 equivalent watts LED bulb (which only uses around 10.5 watts) in a fixture rated at 60 watts since it generates less heat. and expressing their satisfaction with it."
"Based on the information provided, the mop head is compatible with Shark Steam Mop S3501, S3601, and S3901 models. However, there is no specific mention of regular or professional-sized Shark models in the provided information.","Opinions about the compatibility of Shark Steam Mop S3501 S3601 S3801CO S3901 Replacement Rectangle All-Purpose Pocket Mop Head with regular or professional sized shark tend to be more positive. Most are taking a positive view, they say the mop head is for the regular-sized Shark steam mop. Other people have dissatisfied opinions, they confirm that the mop head is for the regular Shark Pocket steam mop and was ordered directly from Shark. Even so, only a few people have balanced feedbacks, and they believe the mop head fits regular-sized Shark mops based on personal experience."
"Based on the information provided, the KXTGA106M additional digital cordless handset will work with Panasonic system KX-TG1061 without the answering system. It can be used in another room, but the main phone is required to operate. The handset works with the KXTG106 series and single-line phones.","After analyzing the responses about compatibility of Panasonic KX-TGA106M Extra Handset with Panasonic KX-TG1061 (without the M), most users hold the positive view, they say ""yes, the 'M' phones will work"" even if the main phone base does not have the 'M' label. The 'M' signifies ""mobile"" for portable use. While a part of users who have neutral opinions, they say the KX-TG1062M is the extra cordless phone that will work with the KX-TG1061 base unit. The M may indicate the number of phones included."
"Based on the information provided, it is not mentioned whether the light color of this GE Motion-Activated LED Night Light is bright white or warm white. However, this motion-sensing night light is energy-efficient and turns on when motion is detected, up to 20 feet away. It is ideal for bathrooms, kitchens, hallways, and utility rooms.","When examining the responses to the color of the GE LED Motion Boost Light, it becomes clear that most people have a positive perception, they report the light emits a bright white color, without any diffuser, which can be a little harsh on the eyes. While only a percentage holds a fair view, they say the light is more of a warm white, but in their opinion, it's a bright white with LED technology Even so, only a few people have criticism with the product, and they report that the light has a slight blue tone instead of a warm yellow tone."
"Based on the information provided, the Cobra True Dual headpipes system is compatible with the 2013 SG model and comes with all the hardware required for installation. Whether the customer should install it themselves or with the help of a dealer, depends on their expertise in this area.","Numerous customers have expressed affirmation with installing Cobra Power Port Dual Head Pipes Chrome 6253 on a 2013 Street Glide - can it be done by the owner or does it require a dealer's assistance, they say that installing the product is easy and can be done yourself with basic tools and instructions in 30-60 minutes. No need to have a dealer do it."
"Based on the information provided, the phone is compatible with T-Mobile since it operates on quadband GSM and WCDMA modes. It is also listed as ""Apple iPhone 5C 16GB 4G LTE White - T-Mobile"" in its feature bullets, indicating it is specifically designed for use on T-Mobile's network.","Overall, customers have expressed mixed opinions about the compatibility of the Apple iPhone 5C on T-Mobile network, on the positive side, they confirm that the phone will work on T-Mobile without any issue or extra steps and others feel unsatisfied, they report conflicting answers on whether the phone is unlocked. One customer received an unlocked phone, while two others received a T-Mobile iPhone or a non-functional device. The rest of other customers have provided objective feedback, and they don't have an answer as they never received the phone to confirm its compatibility with T-Mobile."
"Based on the information provided, since the Sigma BC 8.12 is a wired unit, it cannot be removed when leaving the bike outside a store or restaurant without removing the sensor and bracket from the fork and handlebars. However, it is easy to install without tools and comes equipped with a watertight design making it waterproof.","Upon analyzing the feedback about the removability of the Sigma Sport BC8.12 8 Function Bicycle Computer when the bike is parked outside, it is clear that most people have a positive outlook. Many individuals have very positive attitude, they say the computer can be easily removed by twisting it 90 degrees and lifting from the bike mount, allowing for portability. The wire attaches to the bike mount, not the computer. While a proportion hold a fair opinion, they say the unit can be removed from the base, even though it is wired."
"Based on the information provided, the Grundig Reporter portable radio supports multi-language capabilities and five tuning methods, including ATS, jog, manual, auto, and memory tuning, which adjusts to different countries broadcasts. It also has a digital AM/FM/SW radio and requires 1 product-specific battery. However, there is no exact information whether this radio can work with a voltage of 220V.","The feedback received about the compatibility of Eton Grundig G2 radio with 220 V voltage in Europe suggests that the opinion is predominantly neutral, they say you can use an adapter to convert voltage for the radio since it doesn't support 220 V directly. Alternatively, use the rechargeable battery with a USB cable. Meanwhile some others have unsatisfied feedbacks, they do not provide a relevant answer to the given question about battery drain. Simultaneously, only a small percentage of people have positive views, and they say the radio can be used with a USB adapter and charged with any computer's USB port or mobile phone charger. No mention of compatibility with 220V."
"Based on the information provided, the ExecutionerTM PRO requires two C cell batteries (LR14) that are not included in the package. The batteries are necessary to power the bug zapper and should be fitted correctly for the product to function effectively.","When examining the responses gathered about the type of batteries used by Sourcing4U Limited The Executioner PRO Fly Swat Wasp Bug Mosquito Swatter Zapper, it's apparent that users have differing opinions about the product. Some people have satisfied opinions, they say it uses 2-C alkaline batteries that are supplied with it and have been using those batteries for six months while others had negative experiences, they report that it may not kill yellow jackets with one hit based on their experience with other insects, but it can eventually kill them after several swings. The rest of other customers have provided objective feedback, and they use two C batteries and are effective in killing flies, moths, mosquitoes, cucumber beetles, and spiders."
"Based on the information provided, the Reliance Controls 40-foot 30 Amp Outdoor Rated Generator Power Cord comes with NEMA L14-30 molded and watertight plug and connector ends. The cord features heavy-duty 10-gauge 4-wire and is designed for use with Reliance manual transfer switches, transfer panels, and power inlet boxes, for generators running at a maximum of 7500 watts.","After reviewing the responses to the discrepancy between the connector ends of Reliance Controls Corporation PC3040 30-Amp, 40-Foot Generator Power Cord for Generators Up to 7,500 Running Watts, it appears that the majority of users have positive experiences with the product. Specifically, many users appreciate it, they say it has L14-30 ends with 30-amp capability. Some speculate the L14-20 description was a typo. Overall, they are satisfied with the quality. However, there are a few users who expressed impersonal views, they clarify that PC3040 refers to a 40-foot cable with a 30-amp rating, but there is confusion over the type of connectors."
"Based on the information provided, Grind Gourmet is the creator of the Original Pump & Grind salt and pepper grinder set, made of superior quality stainless steel, and backed by their customer service policy. Their mills come with a mess-free stand to prevent residual salt and pepper from creating a mess, and are easy to refill.","Opinions about a comparison between the Grind Gourmet Salt and Pepper Grinder Set and the Vic Firth Pump and Grind tend to be more positive. Most are taking a positive view, they say that these grinders by Vic Firth are pump and grind, easy to use, durable, and work well. Some find the pumping a bit difficult though. Other people have objective opinions, they say it doesn't come with a stand and they are unsure if it's made of lucite. No battery needed and they confirm the products are new. They also mention enjoying the product despite its size."
"Based on the information provided, the Pro-Rack Organizer has four clear utility StowAways with partitioned compartments, making it suitable for storing small electronic items such as IC chips, resistors, and lights. The tension lock latches provide added security and the fold-down grate exposes the StowAway organizers for easy access. The dimensions of the organizer are 11-Inch by 10-Inch by 7.25-Inch, and it is impact resistant with quality craftsmanship. It is designed and made in the USA.","From the responses gathered about the suitability of Plano Molding 1354 Stow N Go Tool Box for storing small items like IC chips, resistors, and lights, it appears that the majority of people hold a negative view. they suggest that the product is suitable for storing small components like ic chips, resistors, and lights but not for keeping different values of similar components in their own spot While some others have optimistic feedbacks, they say it's good for storing small things like IC chips, resistors, lights, and other items. It comes in different sizes and can be customized with the included spacers. Even so, only a few people have balanced feedbacks, and they report that it can hold small items with adjustable spacers, but they gave it as a gift and cannot provide a detailed assessment."
"Based on the information provided, the Luxe Bidet Neo 110 can be easily self-installed and uninstalled. It includes adjustable fitting plates and all standard plumbing size accessories necessary for a do-it-yourself installation.","Numerous customers have expressed affirmation with the ease of uninstalling the Luxe Bidet Neo 110 Toilet Seat Attachment, they say it's very easy to install and uninstall, requiring only basic tools and following instructions. It can be done quickly with minimal impact."
"Based on the information provided, the description highlights the ability of the Kyocera ceramic grinder to prepare rubs, season salads, and other food. It has a ceramic grinding blade that is sharper than metal and maintains the fresh taste of spices. However, it does not provide information that can answer the question about how to use the grinder.","The responses collected regarding how to properly use the Kyocera Ceramic Fine Mill suggest that the product has generated a range of opinions among users. While some users have positive experiences with the product, they say to continuously turn the grinder forward for best results, but some have also had success twisting it back and forth. And others encounter issues, they say to twist the cap only in one direction with a firm grip, specifically clockwise, while holding the cap with the left hand and the glass container with the right. The rest of other customers have provided objective feedback, and they suggest keeping the direction in one way, particularly, turning it clockwise or counter-clockwise based on personal comfort, continuously."
"Based on the information provided, there are corner ropes and pegs included in the product which can be utilized to hold the tent against wind. It is important to anchor the tent to the ground to prevent it from getting blown away.","After reviewing the responses to the presence of ground poles in the 32'x16' PE Party Tent White by DELTA Canopies, it appears that the majority of users have positive experiences with the product. Specifically, many users appreciate it, they confirm that there are no ground poles but each pole is anchored into the ground, making it very sturdy. The canopy is freestanding and heavily staked. However, there are a few users who expressed fair views, they report that the tent does not have poles running along the ground between the legs, but can be staked to the ground for added security. Yet, only a small percentage of people have disappointed opinions, and they confirm that there are no poles going between the legs along the ground."
"Based on the information provided, the CPF01 PWM fan splitter supports two PWM fans from a single motherboard PWM header. Therefore, by using this splitter, you should be able to connect all three fans of your case to your ASUS ATX DDR3 2600 LGA 1150 Motherboard H97-PLUS, which has only two fan plugs.","When examining the responses gathered about compatibility of SilverStone Technology All Black Sleeved 1-to-2 Sleeved PWM Fan Splitter Cable (CPF01) with ASUS ATX DDR3 2600 LGA 1150 Motherboard H97-PLUS for connecting three fans, it's apparent that users have differing opinions about the product. Some people have satisfied opinions, they say that using this Y-splitter cable, you can run two fans on one plug and the third on the second plug of your motherboard while others had negative experiences, they say that if you use these splitters, your computer will detect your fans as one fan, and the PWM splitter will only be seen by your motherboard as one fan. The rest of other customers have provided objective feedback, and they suggest purchasing one of the product to connect three fans to a motherboard with only two fan plugs. Two can connect up to four fans."
"Based on the information provided, the Samson XP40iw is a portable speaker and wireless microphone system that can be used in a variety of public address applications, including tour groups, classrooms, conference/meeting rooms, outdoor events, and small auditoriums. It can also be used for musical settings, such as small gigs and karaoke in medium-sized clubs. It features a built-in VHF wireless microphone system for vocal applications, an internal iPod dock with level control, and a 40-watt Class D amplifier. The system can be powered by a built-in rechargeable Lithium-ion battery pack and includes a 1/4-inch link in/out jack for linking two systems together to create a stereo setup.","After analyzing the responses about the compatibility of lapel microphone with Samson Expedition XP40iw wireless PA system (Channel 6), most users hold the positive view, they say the lapel mike is of great quality and works perfectly without any feedback. Some have also used other mics with added input. While a part of users who have objective opinions, they say the lapel microphone is good. Even so, only a few people have criticism with the product, and they report that the lapel microphone works well, but requires frequent battery replacements, with one lasting approximately 30 minutes to an hour."
"Based on the information provided, the Old Timer Sharpfinger hunting knife is a reliable and durable option for all outdoorsmen. Its 7Cr17MoV High Carbon S.S. blade and saw cut handle slabs make it perfect for fishing and camping. The secure heel and leather belt sheath provide easy and safe access.","When examining the responses gathered about the suitability of Old Timer 152OT Sharpfinger 7.1in Stainless Steel Full Tang Fixed Blade Knife with 3.3in Clip Point Skinner Blade and Sawcut Handle for fishing, it's apparent that users have differing opinions about the product. Some people have satisfied opinions, they say this knife is great for fishing, fillets fish well, and comes sharp out of the package. Some even hone it to a shaving edge while others had negative experiences, they say that it's not suitable for fishing and recommend using a fillet knife instead. It's a skinning knife. The rest of other customers have provided objective feedback, and they cannot provide an answer as there is no information provided about the fishing knife in question."
"Based on the information provided, the Emeril by T-fal FR7009001 deep fryer has an extra-large frying basket and a 3.3-liter oil capacity that can hold 2-2/3 pounds of food. Its dimensions are 18 x 12 x 14 inches, which is enough to accommodate a whole chicken.","Most of the responses to deep frying a whole chicken in Emeril by T-fal FR7009 3.3-Liter Stainless Steel Digital Immersion Deep Fryer with Easy Clean System are neutral in tone, with customers providing a balanced assessment of the product, they say the fryer basket isn't large enough to hold a whole chicken, but slicing it into pieces would work. Nevertheless, a part pf people hold a pessimistic view, they say this unit is too small to deep fry a whole chicken, but a Cornish hen may be possible. Simultaneously, only a small percentage of people have positive views, and they say this fryer is great for cooking chicken tenders and French fries, but not suitable for deep frying a whole chicken or turkey."
"Based on the information provided, the product description and feature bullets suggest that this litter box is sturdy and easy to clean. However, there is no information specifically indicating whether the plastic used is heavy or flimsy.","After reviewing the responses to the durability of SmartCat Ultimate Litter Box, Blue, it appears that the majority of users have positive experiences with the product. Specifically, many users appreciate it, they say the cat pan is remarkably heavy and good quality, preventing litter from flying all over the place even when full. It is durable and the best they've seen. However, there are a few users who expressed fair views, they say it is not flimsy. Even so, only a few people have criticism with the product, and they report that the plastic is flimsy and gave it away after one week."
"Based on the information provided, the ephoto CN-600 LED light panel can be powered using the F-V Adapter by connecting it with the D-Tap to 4pin XLR Cable. The adapter can be used to power LED Lights with 4pin XLR Jack via NPF Batteries. However, no batteries are included. The adapter comes with a D-Tap port, making it versatile to work with D-Tap cables.","After analyzing the responses about compatibility of ILEDGear NP-F Battery to V-Mount Battery Converter Adapter with ephoto CN-600 LED light panel, most users hold the positive view, they report that the v-mount battery adapter works well with the ephoto CN-600 LED light panel, using two Sony NP-F970 batteries. While a part of users who have negative opinions, they report mixed experiences using the battery with the ephoto CN-600 LED, with some stating it works while others had difficulties and no clear documentation."
"Based on the information provided, there is no specific information about how often the Dow Filmtec TW30-1812-36 reverse osmosis element's membranes should be changed. However, the product has a long shelf life, is shipped dry, and is made with advanced technology to ensure consistent performance and quality for customers.","Opinions about the recommended replacement frequency of Dow Filmtec TW30-1812-36 Reverse Osmosis Membrane are mixed, with some users hold a positive view, they suggest using a TDS meter to test the water quality before and after changing the membrane. The lifespan may vary from every 12 months to 18 months depending on the water quality. However, others are taking a negative view, they suggest changing the membrane every 3-5 years depending on pre-filtration, chlorine levels, and water temperature, and using a Carbon Block pre-filter every 6 months. Alternatively, it should be changed as soon as discharge pressure drops. The rest of other customers have provided objective feedback, and they suggest changing the membrane based on usage and water quality, but it is not an expensive replacement - every other time with carbon/sediment filter changes."
"Based on the information provided, the coffee maker comes with a permanent gold tone coffee filter which indicates it does not require paper filters.","After analyzing the responses about the type of paper filter used in Cuisinart DCC-1100 12-Cup Programmable Coffeemaker, White, most users hold the positive view, they say the water level indicator is on the right side and easily visible through a clear or cloudy white plastic view window. While a part of users who have neutral opinions, they use #4 Cone brown unbleached paper filters and a reusable goldtone mesh filter as a backup. Both work well, but paper filters leave less silt. Even so, only a few people have criticism with the product, and they say the water level indicator is on the side allowing you to see it rise."
"Based on the information provided, the Busy HeartyHide Brand Chew Treats come in a package of twelve 5-ounce boxes. These treats are made with real beefhide and basted with chicken flavor, which makes chewing fun and exciting for dogs of all sizes. The price and brand information is not provided.","Most of the responses to the quantity of Busy Dog Treats Busy Bone, Busy Rollhide, Busy Chewnola, and Busy Dental in the Pack of 12 and the concern about the low price for 12 boxes are neutral in tone, with customers providing a balanced assessment of the product, they express suspicion about the price and inquire if it's a misprint. One person offers to confirm upon receiving the item. Nevertheless, a part pf people hold a favorable view, they confirm that the product comes with 12 boxes, despite being smaller, and consider it a good value for the price."
"Based on the information provided, you can use the bridge and speakers to play music, but if you want to convert sound from an existing device into the Sonos system, you will need the Connect. The Bridge is not a required item, and it creates a dedicated wireless network for Sonos speakers.","Upon analyzing the feedback about the compatibility of Sonos Bridge and speakers for playing music without the need for a Playbar, it is clear that most people have a positive outlook. Many individuals have very positive attitude, they say a bridge and speakers alone can play music without the need for a Playbar. Playbar is designed specifically for TV audio. While a proportion hold a pessimistic opinion, they recommend using the Connect:Amp product for playing music through existing speakers with Sonos, as the bridge only provides a network connection."
"Based on the information provided, Galco International offers holsters that are widely used by law enforcement, military, and citizens alike, and the Sig Sauer SP2022 holster is not mentioned specifically. The holsters are made of high-quality leather, tested for durability and quality, and approved by the National Tactical Officers Association. However, the attributes do not provide any specific information on the holster's compatibility with Sig Sauer SP2022.","Opinions about compatibility of Galco KT2488 King Tuck IWB Holster with Sig Sauer SP2022 are mixed, with some users hold a positive view, they confirm that the holster successfully holds Sig Sauer P220, which is a heavy gun. However, there is uncertainty about the compatibility of the holster with SP2022. However, others are taking a negative view, they suggest using a holster designed for Springfield XD 9mm, 4 inch (KT440B) for a better fit of Sig Sauer SP2022. The rest of other customers have provided objective feedback, and they say it may not be a perfect fit for Sig Sauer SP2022, but it does work for it and a couple of other Sig guns. Check SigSauer.com specs for a better idea."
"Based on the information provided, the ZoN Bright Pink Aerobic Step can be used to step on to get off a high mattress. It is fully adjustable up to 6 inches, making it suitable for various height levels. It can also be used for a total body workout, improving cardiovascular health and muscle tone.","The responses to whether the ZoN Pink Aerobic Step can be used as a tool for getting off a mattress that is too high off the ground are varied, with some users reporting positive results and noting that they say it works as a step to get off a high mattress, but caution must be taken as it's not solid. Additional platforms are included and it's supportive for workouts. However, other users have had negative opinions, they advise against using the product as a step for getting off a high mattress due to safety concerns, especially if the bedroom is not carpeted. Moreover, there are also some people who reply objectively, and they say it could work as a step depending on the height of the mattress, but it may not be very comfortable. The sturdiness and dimensions should be checked beforehand."
"Based on the information provided, these ice pop molds can be stood on their lids without any leakage. Simply fill the molds and place them in the freezer. They are easy to fill, wash, dishwasher-safe, and take up little room in the freezer. They are great for making healthy or indulgent frozen treats with a no-drip, refillable design.","After reviewing the responses to how to stand up Sunsella Silicone Popsicle Molds/Ice Pop Maker without spilling the liquid while freezing, it appears that the majority of users have positive experiences with the product. Specifically, many users appreciate it, they say various methods work, including laying them down, wedging them between items, using an old yogurt container, standing them on a flat end or placing them on their side. However, there are a few users who expressed objective views, they suggest using a thick and half-frozen liquid or a container like an old 2 lb deli container to prevent spilling during freezing."
"Based on the information provided, the product information for Attwood Boat Fuel Tanks does not contain any specific solution for preventing a tank from swelling up in the sun. However, the automotive-grade multi-layer construction and built-in vacuum valve cap may help to withstand pressure buildup associated with closed fuel systems.","The responses collected regarding preventing attwood 8803LP2 EPA and CARB Certified 3-Gallon Portable Marine Boat Fuel Tank from swelling up in the sun suggest that the product has generated a range of opinions among users. While some users have positive experiences with the product, they suggest adding a vent to the tank to release pressure and avoid explosion of fumes. And others encounter issues, they suggest buying a vented tank, checking the manufacturer's website, or drilling a small hole in the cap to prevent tank swelling in the sun. The rest of other customers have provided objective feedback, and they suggest leaving the cap slightly loose, twisting the opening slightly, or not storing the tank in direct sun or enclosed areas without fresh air."
"Based on the information provided, the camera's brand is Samsung, but it does not explicitly state where it is made. The product information highlights the camera's features such as 21x Optical zoom, wireless-enabled, and 16 MP BSI CMOS high-sensitivity sensor. The camera also has a built-in GPS, and it includes one Lithium-Ion battery and charger.","When considering the responses to the country of origin for Samsung WB850F 16 MP Smart Long Zoom Digital Camera - Black EC (WB850FBPBUS), many users enjoy using the product, they say the camera was made in China, according to the serial number sticker. Meanwhile, there are a few customers who have different attitudes, they report that the camera is made in China, but have experienced issues when used in temperatures below 35F degrees."
"Based on the information provided, the given case may fit the LG VS840 Lucid 4G from Verizon. The case is composed of hard plastic on the inside and soft silicone on the outside, providing better protection, grip, and a stylish look. The product's attributes do not explicitly mention compatibility with a specific model.","Opinions about the compatibility of the BLACK/PURPLE Armor 3 IN 1 High Impact Combo Hard Soft Gel Case Stand with the Verizon LG Lucid VS840 and Lucid 3 tend to be more negative. Most are taking a negative view, they say it may fit the Lucid 2 but unsure about the Lucid 3. One user confirmed it doesn't fit. Some report poor quality or not receiving it. Other people have satisfactory views, they say the case fits the Lucid 3 from Verizon and provided a positive review about its quality. Even so, only a few people have balanced feedbacks, and they acknowledge the statement, but do not provide an answer or opinion about the case fitting the Lucid 3 from Verizon."
"Based on the information provided, the Moen 7175CSL faucet features a powerful rinse and aerated stream with a flow rate of 1.5 gallons per minute. The one-handle lever design, equipped with the Reflex system, provides easy movement and secure docking of the spray head. Additionally, this faucet comes with a limited lifetime warranty.","Based on the responses collected regarding low pressure issue in Moen 7175CSL Level One-Handle High Arc Pulldown Kitchen Faucet, it is evident that the majority of people have a positive perception. Many give positive answers, they report no problem with the faucet's pressure, having bought it twice. While a part of people hold a impartial opinion, they don't experience significant pressure issues with the faucet, although filling up a pot might take longer than usual."
"Based on the information provided, the Granite Ware Bake, Broil and Grill set comes with a perforated tray for vegetables or fish, a grill rack for broiling meat in the oven, and a base pan that can be used for roasting or baking. It features a non-porous, naturally non-stick surface, and is dishwasher safe.","When examining the responses gathered about using liquid in a roasting pan during roasting in the Granite Ware Bake, Broil, and Grill Pan, 3-Piece Set, it's apparent that users have differing opinions about the product. Some people have satisfied opinions, they say adding water to the roasting pan before cooking adds moisture to the oven, prevents drying out, helps with cleanup and cuts down on grease splatter & smoking while others had negative experiences, they report that the maximum measurements of the product are 15 3/4"" by 10"" with a cooking surface of 8 1/2"" by 12 3/4"". It is well-made but small, cooking only two steaks at a time. The rest of other customers have provided objective feedback, and they describe the product as a versatile 13x9 inch pan suitable for baking, roasting, and broiling, with an additional seafood and vegetable rack and grilling rack."
"Based on the information provided, the Crimson Trace Lasergrips Red Laser Sight Grips for 1911 Full-Size Pistols is suggested for most 1911 shooters and is fully adjustable for windage and elevation. It also features instinctive activation, fits a 1911 Full-Size, and is easily installed with no gunsmithing required.","When examining the responses gathered about compatibility of Crimson Trace LG-401 Lasergrips with Ruger SR-1911, it's apparent that users have differing opinions about the product. Some people have satisfied opinions, they report that this product will fit any full sized single stack 1911 including clones, with easy installation and good appearance while others had negative experiences, they report that the grip will not fit Kimber Tactical Pro Carry II with an ambidextrous safety, and it may also not be compatible with Springfield 1911 TRP's safety. It only works with the mil. version of 1911. The rest of other customers have provided objective feedback, and they are unsure whether the grip will fit a Kimber Tactical Pro Carry II due to a potential issue with the ambidextrous safety."
"Based on the information provided, the Z-Star Manual Juicer by Tribest is an excellent choice for juicing wheatgrass as its unique single-auger design is extremely gentle and efficient at extracting more high-quality juice from each blade of wheatgrass, without electric power. It is also versatile enough to extract nutritious juice from a variety of fresh fruits, vegetables and leafy greens.","After reviewing the responses to the juicing capability of Tribest Z-Star Z-510 Manual Juicer for wheatgrass, it appears that the majority of users have positive experiences with the product. Specifically, many users appreciate it, they say it works well for juicing wheatgrass with good yield, though cleaning up can be a hassle. However, there are a few users who expressed objective views, they report that they haven't used it for kale juice yet, but it's possible. It may not be the best juicer, but electricity-free feature makes it acceptable."
"Based on the information provided, the description highlights the ability of the Kyocera ceramic grinder to prepare rubs, season salads, and other food. It has a ceramic grinding blade that is sharper than metal and maintains the fresh taste of spices. However, it does not provide information that can answer the question about how to use the grinder.","The responses received about how to properly use the Kyocera Ceramic Fine Mill reflect a mostly negative sentiment. A lot of people are not satisfied with the product, they say to twist the cap only in one direction with a firm grip, specifically clockwise, while holding the cap with the left hand and the glass container with the right. And a few respondents have a promising perspective, they say to continuously turn the grinder forward for best results, but some have also had success twisting it back and forth."
"Based on the information provided, it is not explicitly mentioned whether these goggles can fit over glasses. However, the Comfortable Adjustable Sure-Grip strap might provide flexibility to adjust goggle fit over glasses.","Based on the responses gathered about compatibility between Save Phace 3010837 Grunt Series Tactical Goggles and eyeglasses, it's clear that opinions are divided. While some users have a positive experience with the product, they report a tight fit over glasses but it depends on the size of the frames and a small part has negative experiences, they suggest that these goggles may fit over smaller frames but may not be suitable for regular eyeglasses. Some users wear sports goggles underneath. The rest of other customers have provided objective feedback, and they say these can fit over certain types of eyeglasses."
"Based on the information provided, the width of the cutting blade for the Bjorklund Cheese Slicer is not specified. However, it is made of stainless steel, has a wooden handle, and can be easily used to make thin slices of cheese to add to sandwiches and other foods. The product is dishwasher safe and comes with a manufacturer's warranty.","After analyzing the responses to the width of the cutting blade of the Mieriscle Cheese Slicer for Thin Slices, it is clear that the sentiment is predominantly negative.Most people are dissatisfied with the product, they say it's better for hard cheese as soft cheese tends to catch on the slicer and get pulled by the edges. However, a few people have a impartial outlook, they report that the width of the cutting blade is around 2-2.5 inches/5-5.5 cm."
"Based on the information provided, the dimensions of the Dura-Trel Cambridge Trellis are 2 x 28 x 76 inches. It comes with two 16-inch steel ground anchors and is strong enough for any vine or climbing plant. The trellis is made of high-quality PVC vinyl and is completely maintenance-free, backed by a 20-year warranty.","When considering the responses to dimensions of Dura-Trel 11172M Cambridge Trellis in Mocha color, many users enjoy using the product, they report the dimensions as 28 inches wide and 76 inches high, with an effective use as a privacy screen. Meanwhile, there are a few customers who have different attitudes, they report the dimensions to be around 27 3/4 inches wide and 75 1/2 inches tall when installed, or 2 x 28 x 76 inches and 13 pounds."
"Based on the information provided, the Super Robot Chogokin Mazinger Z figure comes with interchangeable hand parts and accessory parts. It also includes die-cast parts, and its arms, legs, and head can move. It is an imported product from Japan and is recommended for ages 18 months to 15 years. However, there is no information regarding its bestseller rank or price.","Upon analyzing the feedback about the articulation of Bandai Tamashii Nations Mazinger Z Super Robot Chogokin Action Figure, it is clear that most people have a positive outlook. Many individuals have very positive attitude, they say that the figures are highly poseable and detailed with movable parts from head to legs, having unexpected movements and recommend buying. While a proportion hold a balanced opinion, they confirm that the figures' legs and arms can bend, and the head can move but is fragile. The figures also have multiple joints and interchangeable parts."
"Based on the information provided, the KC HiLiTES 7417 5-Tab Overhead Light Bars are designed specifically for 2007-2013 Jeep Wrangler JK & JK Unlimited. Although there is conflicting information in the answers, the product description only guarantees compatibility with those models. It may not fit a 2015 Unlimited Sport.","When examining the responses to the compatibility of the KC HiLiTES 7417 2007-2015 Jeep Wrangler JK 5-Tab Overhead Light Bar with a 2015 Unlimited Sport Wrangler, it becomes clear that most people have a positive perception, they say it fits 2007-2015 Wrangler models. There were no reported issues regarding installation on a 2015 Unlimited Sport. While only a percentage holds a balanced view, they believe it will fit a 2015 Unlimited Sport as it matches the bolt pattern of a 2013 and has been installed on a 2011"
"Based on the information provided, the top of the simplehuman profile step trash can is brushed stainless steel, which gives it a finger-print proof finish. It has a slim and rectangular shape designed for tight spaces with a lift-off open-top lid for quick bag changes. The overall can capacity is 2.6 gallons or 10 liters.","After reviewing the feedback about the color of the top of simplehuman Profile Open Trash Can, it is apparent that the majority of people have a negative outlook, they report that the top of the can is black plastic with a black spacer, and there is a plastic bin inside the stainless sleeve. The product was received dented when purchased from Amazon. Nevertheless, a part pf people hold a impartial view, they say the top of the can is black while the area just under the top is stainless steel. The top surface is black matte plastic while the sides are stainless steel. Simultaneously, only a small percentage of people have positive views, and they say the top is stainless steel with a black rubberized border, but also mention that the sides are stainless steel and the rim around the top is black."
"Based on the information provided, the SunShade Jumbo comes with a bonus of two smaller shades, and the description mentions only one Jumbo size shade. Therefore, excluding the two bonus side shades, there is one Jumbo size shade included.","After analyzing the responses about the composition of SunShade Jumbo 34""x64"" shade, most users hold the positive view, they say the shade is one piece with a bonus of smaller shades. It has silver reflective and black mesh screens that are good heat blockers. While a part of users who have fair opinions, they say it is one piece, excluding the bonus smaller shades."
"Based on the information provided, the portable wardrobe storage closet is built with a heavy-duty steel frame, enclosed by a non-woven cover and has drawers to provide easy access. It is designed to hold a large capacity of items while keeping them fresh. The shelves need to be adjusted to solve door opening problems.","Based on the responses collected regarding the stability and weight capacity of Honey-Can-Do Portable Wardrobe Storage Closet, it is evident that the majority of people have a positive perception. Many give positive answers, they say that the product is stable enough to hold clothes, coats, shoes and accessories. It has drawers, bars and shelves, and magnetic closures. However, some experienced a chemical smell. While a part of people hold a dissatisfied opinion, they advise against storing anything on top, as the unit is not sturdy enough to support anything heavy. The top is a metal frame, not solid."
"Based on the information provided, the Grohe Ceramic Cartridge 1-Pack # 45 882 000 is a genuine part made by Grohe, a well-known brand. The product description mentions the use of Grohe SilkMove technology and the GROHE StarLight finish, which are part of their latest technologies. The manufacturer also provides a limited lifetime warranty and lifetime finish warranty.","After reviewing the responses to authenticity of Ceramic Cartridges by Grohe, it appears that the majority of users have positive experiences with the product. Specifically, many users appreciate it, they confirm that it is a genuine Grohe part based on the product's packaging, appearance, and functionality. However, there are a few users who expressed unfavorable views, they say the part is not genuine Grohe and one customer faced fitting issues leading to purchasing from official dealers. Even so, only a few people have balanced feedbacks, and they are unsure if it is the genuine Grohe part, although it looks authentic but lacks a Grohe stamp."
"Based on the information provided, there is no explicit mention of the caffeine levels in the flowering teas. However, the ingredients include black, green, and white teas, which naturally have caffeine content. The steeping instructions suggest steeping for 3-4 minutes to open the leaves fully.","The overall feedback from customers about the caffeine content in Numi Organic Tea Flowering Tea Gift Set has been mixed, several customers hold positive views, they say the flowering teas are caffeine-free as they mostly contain green tea leaves which have negligible amounts of caffeine while the others have expressed disappointment opinions, they are not caffeine-free, as they usually contain a mix of black, green, white, and oolong tea, which all contain caffeine. The rest of other customers have provided objective feedback, and they say the flowering teas that come with the tea pot contain caffeine and suggest checking with the manufacturer for non-caffeinated options."
"Based on the information provided, the color of the wall quote is not specified. The available color stated is clear. It is not clear if the product can be ordered in brown or not.","There have been a significant number of customer responses related to the color and availability of PS I Love You Wall Art Decal, which have been objective and neutral in nature, they say it only comes in black color, and there is no information available about ordering it in brown."
"Based on the information provided, the size of the pool that this product accommodates is not specified. The product is a chlorine generator that provides sanitized and sparkling, chemical-free pool water through copper ionization and natural chlorine production, and it has a GFCI outlet feature for added safety. The product dimensions are 14 x 16 x 14 inches, and it weighs 22 lbs.","After reviewing the responses to the compatibility of the Krystal Clear Salt Water System with GFCI with different pool sizes, it appears that the majority of users have positive experiences with the product. Specifically, many users appreciate it, they say the saltwater system can accommodate any pool size as the amount of water determines the amount of salt and pump size. Customers reported successful use on different pool sizes. However, there are a few users who expressed fair views, they report that the product can accommodate any size of pool and that it requires higher working hours for larger pools. One user has it on an 18' pool, while another suggests contacting the vendor for sizing information."
"Based on the information provided, the Pure XLR Preamp can be operated with either a 9-volt battery or phantom power. Therefore, there is no need to disassemble to install a battery. A special cable is not required for operating with phantom power. Additionally, the preamp includes a phase switch for correcting phase problems.","When examining the responses to operating K&K Pure XLR Preamp with phantom power to avoid disassembling for a 9v battery installation and the need for a special cable, it becomes clear that most people have a positive perception, they say you can use a regular XLR cable to operate the unit with phantom power from the mixer board. No need for a special cable or battery. While only a percentage holds a balanced view, they suggest using phantom power if available, or disassembling the unit to install a 9v battery with a simple unscrewing process"
"Based on the information provided, the package includes an underwater housing WP-DC42. The housing is designed to prevent fogging, equipped with flash diffusion plate, and allows camera operation even with diving gloves. It is perfect for humid, wet, or underwater photography up to 130 feet (40 meters). However, the information does not provide the details of other accessories included in the package.","Numerous customers have expressed affirmation with the package contents of Canon WP DC42 Marine case for Canon Powershot SX220 &amp; SX230 HS, they report that the package includes a waterproof case, neck and wrist straps, a diffusion plate, silicone grease, and a manual."
"Based on the information provided, the Defender Series case is designed to fit the HTC One M7. It boasts three layers of rugged protection, a built-in screen protector, and a belt-clip case that doubles as a kickstand for media viewing. It also includes port covers that keep out dust and debris.","When examining the responses to the compatibility of OtterBox Defender Case for HTC One M7 with HTC One M7, it becomes clear that most people have a positive perception, they confirm that the case is specifically designed to fit the HTC One M7 phone model. While only a percentage holds a objective view, they are unsure if the case would fit HTC One M7, though it may fit the single sim version"
"Based on the information provided, this vacuum has a powerful 12 AMP motor and the total amp of outlets is 15, so only tools with less than 3 Amps should be hooked up. A 12 Amp saw would exceed the limit and cannot be used with this vacuum. It weighs only 27 lbs, comes with anti-static hose, and has wide-set wheels to create a lower center gravity for stability movement. The sound level is only 59 dB(A).","The opinions to limitations on using high amp tools with the Makita VC4710 12-Gallon Wet/Dry Vacuum are mostly neutral, and they suggest using tools less than 3 Amps with the 12 Amp vacuum due to a 15 Amp outlet limit. And some others have a promising opinion, they recommend using an isolated 30 amp circuit to avoid tripping the breaker. The startup of the tool may be higher, but it should be fine to use."
"Based on the information provided, the product does not have any coating. The set includes a 15 quart saucepan with lid, a 15 quart stock pot with a lid, a 2 quart stock pot with a lid, a 3 quart stock pot with a lid, a 6.5-quart stock pot with a lid, and a 10-inch frying pan with a lid. All the items in the set are made of stainless steel and have Bakelite handles. The set is dishwasher safe and compatible with gas stoves.","The responses to whether the Gourmet Chef SC-SS004 Stainless Steel Cookware Set With Bakelite Handles, Silver/Blue, 12 Piece has a non-stick coating or not are varied, with some users reporting positive results and noting that they confirm that the pans do not have any coating like Teflon, making it perfect for those who prefer non-coated pans. However, other users have had negative opinions, they confirm that the pans are non-coated, which some may find preferable, but caution that they burn easily due to being thinner. Moreover, there are also some people who reply objectively, and they confirm that the pans do not have any coating, which makes them easier to clean."
"Based on the information provided, there is no mention of any batteries in the chair. However, the Pulse BoomChair features interactive vibration motors, wireless connectivity, 4"" sub-woofer, 2-way speakers, and adjustable headrest. Suitable for gaming and compatible with audio or video devices.","The responses collected regarding whether Pulse Boomchair in red color contains batteries suggest that the product has generated a range of opinions among users. While some users have positive experiences with the product, they say the chair doesn't require batteries unless using the wireless module. It has wired sound and a vibration feature. Some report a faulty lock, but overall it's a great chair. And others encounter issues, they say that you need to buy and supply your own batteries as there are no batteries included and no plug required. The rest of other customers have provided objective feedback, and they suggest that the chair does not have a battery but needs to be plugged into a power source."
"Based on the information provided, there is no specific mention of whether the filter trays have handles or not. However, the external canister works great for marine reef aquariums, fits any tank, runs quietly, is reliable with 5-stage filtration, and has quick-release taps for easy cleaning.","When examining the responses gathered about whether the filter trays in Best Choice Products External Fish Tank Pump Canister and Filtration System for Aquarium w/ 5 Stage Filter-Green have handles, it's apparent that users have differing opinions about the product. Some people have satisfied opinions, they report that each filter tray has a foldable handle for easy removal, although the handles may not be the sturdiest while others had negative experiences, they confirm that the filter trays have handles, however the quality of the product is low and one customer returned it. The rest of other customers have provided objective feedback, and they do not know where to get replacement parts for the pump, but suggest contacting Amazon's return department for guidance."
"Based on the information provided, the device is running Android 4.1 Jelly Bean, but there is no information suggesting that it will receive new Android OS updates.","When examining the responses to the possibility of getting new Android updates for Sony Xperia Z SGP311U1/B 10.1-Inch 16GB Tablet (2013 Model), it becomes clear that most people have a positive perception, they say the tablet can get updated to Android 4.2, 4.3, and even 4.4 (kitkat). Some users even received an update to Android 5.0. While only a percentage holds a balanced view, they report that the Sony tablet was officially updated to Android version 4.3 in January 2014, but it requires updating through a computer instead of over-the-air"
"Based on the information provided, the product's dimensions are 21-1/4-inch by 17-5/8-inch by 9-inch. The litter pan is ideal for large cats or multiple cat households, comes in assorted colors, has high sides to reduce litter scatter and features a high polished finish that is odor and stain resistant and easy to clean.","After analyzing the responses about the dimensions of Van Ness Giant High Sides Cat Litter Pan, most users hold the positive view, they report that the product measures 20-21.5 inches in length, 17 inches in width, and 6-10 inches in height with a sloping design, and is suitable for large cats. While a part of users who have balanced opinions, they cannot provide the measurements as the product is no longer available."
"Based on the information provided, the DC America #GOS1010-BB 10-foot by 10-foot Gazebo Screen is made of polyester and can keep bugs out of the gazebo. However, there is no information provided about whether it is waterproof or not.","Upon analyzing the feedback about the waterproof feature of DC America GOS1010-BB 10-Foot by 10-Foot Gazebo Screen, Polyester, Beige with Beige Trim, it is clear that most people have a positive outlook. Many individuals have very positive attitude, they say it is waterproof or water repellent, but caution is needed in heavy rain or wind to avoid water pooling or blowing sideways. While a proportion hold a objective opinion, they suggest that the product is not waterproof and may get wet in windy and rainy weather. Yet, only a small percentage of people have disappointed opinions, and they report that the product is not waterproof even after adding waterproof spray; it only keeps the rain off for a while before leaking."
"Based on the information provided, there is no information regarding whether the Real Steel Vs 2 packs are PVC-free or not. The product comes with light-up chest feature, mix and match quick switch technology, and two 5"" figures. The product dimensions are 11.5 x 3 x 8.25 inches, and the recommended age is 6-10 years. The item requires two specific batteries, which are included.","Most of the responses to the PVC content in Real Steel Versus 2 Packs Assortment 1 - Atom vs. Twin Cities are neutral in tone, with customers providing a balanced assessment of the product, they do not know if the product is PVC-free. Some mentioned it is made of plastic. Nevertheless, a part pf people hold a disappointed view, they are unsure if the product is PVC free and advise not to allow children to chew on it. Suggest contacting the manufacturer to confirm."
"Based on the information provided, the weight limit of the inflatable kayak is 250 pounds. The user is 205 lbs, which is well within limits. However, the kayak's dimension of 94.49 x 34.65 x 9.84 inches is worth checking to determine whether it is spacious enough for the user's height.","Based on the responses collected regarding the suitability of Advanced Elements FireFly Inflatable Kayak for a person weighing 205 lbs and measuring 6 foot 2 inches, it is evident that the majority of people have a positive perception. Many give positive answers, they report that the inflatable kayak can hold up to 250 lbs, so 205 lbs is probably okay. The length may be tight for someone 6'2"" though. While a part of people hold a impersonal opinion, they say that straddling the kayak instead of putting legs inside may increase comfort. A user of 6'1 170lbs found it worked well, suggesting the kayak can accommodate larger sizes. Yet, only a small percentage of people have disappointed opinions, and they suggest that a person weighing 205 lbs and 6 foot 2 inches is too big for this 8 ft inflatable boat and a longer boat (13 ft+) might be more suitable."
"Based on the information provided, the Rock Tamers system fits most vehicles ranging from small size to dually and is easily installed without drilling. The Rock Tamers mudflap system with stainless steel trim plates works as a premier adjustable and removable mudflap system, offering maximum protection from rock, mud, debris, and road tar. The durable and heavy-duty mudflaps, measuring 24.25 inches x 23.875 inches, are designed to custom cut to any length and fit most truck sizes including dually sizes.","Based on the responses collected about compatibility of Rock Tamers mudflaps with 2009 Dodge Ram 3500 4WD Dually quad cab, it's evident that the product has both its supporters and detractors. Many users enjoy the product, they suggest that the product should fit a 2009 Dodge Ram 3500 4 Wheel Drive Dually quad cab, but recommend measuring and adding a Roadmaster Quiet Hitch. However, there were some users who had negative experiences, they say the package fits most trucks, but the mud flap is not wide enough for dually tires. Some suggest using wider flaps. The rest of other customers have provided objective feedback, and they believe the product would fit a 2009 Dodge Ram 3500 4 WD quad cab, with possible need for a larger flap for dualies."
"Based on the information provided, the Nikon AF-S 28-300mm f/3.5-5.6G Nikkor ED VR lens is compatible with all Nikon DSLR cameras, including the Nikon D700, and offers a versatile 10.7x zoom range, VR II image stabilization, and optimized edge-to-edge sharpness for both FX and DX-format D-SLRs.","The responses received about compatibility of Nikon AF-S FX NIKKOR 28-300mm f/3.5-5.6G ED lens with Nikon D700 DSLR camera reflect a mostly negative sentiment. A lot of people are not satisfied with the product, they report that the Nikon 28-300 lens is not completely compatible with the Nikon D700, with some functions such as 3D Matrix Metering not working with this lens. And a few respondents have a satisfied perspective, they confirm that the Nikon 28-300 is compatible with the Nikon D700 and other DX or FX Nikon cameras. It is praised for being a versatile walk around lens, but may not perform well in low light. Even so, only a few people have balanced feedbacks, and they confirm that the lens is compatible with a Nikon D3000, providing a 42-450mm view on the DX format."
"Based on the information provided, the Mossy Oak Hunting Accessories Break-Up MO12CB-BU burlap is weather-resistant, according to the feature bullets. The burlap is designed to last season after season and is made of high-quality materials.","The feedback gathered about weather resistance of Mossy Oak Camo Burlap indicates a predominantly negative sentiment. Many people are disappointed with the product, they report that the material does not resist weather and requires additional treatment. It is susceptible to UV light and should be stored between uses. Nonetheless, a proportion of people hold a objective outlook, and they report that the material is not treated to resist weather and may degrade if exposed to elements for long periods."
"Based on the information provided, the description and feature bullets of the CHANNEL MASTER steel antenna mast (5 ft.) do not provide any information on how to securely stack two of these together or whether they need a bracket for additional security. It is advised to consult with the manufacturer or a professional for more information.","After analyzing the responses about securely stacking and connecting two CHANNEL MASTER Antenna Mast Steel Antenna Masts (5ft) (CM-1805) together, most users hold the positive view, they suggest securing two masts with a wooden block or a self-tapping metal screw. The tapered end fits snuggly and won't twist, while the crimped end creates a solid pole. While a part of users who have balanced opinions, they say that the mast has an interlocking end and may not require a bracket, but additional methods such as a bracket or U-bolts are recommended for securing stacked poles."
"Based on the information provided, this cake pan has straight sides and sharp corners, ensuring it is perfect for baking cakes of all types. The commercial-grade aluminum construction provides excellent heat conduction, with no tapering of the walls mentioned in the product description.","Opinions about the shape of Parrish Magic Line Aluminum Cake Pan tend to be more negative. Most are taking a negative view, they say the pans are not stackable due to their straight sides, making them great for cakes but not for stacking. Other people have impersonal views, they are stackable only if of different sizes. Stacking together same sizes would not be practical. Even so, only a few users have positive experiences with the product, and they say the walls of the pan are straight, some with a slight lip at the top for easy pouring."
"Based on the information provided, the Garmin nüvi 465LMT is equipped with a customizable vehicle profile feature, allowing users to enter specific vehicle dimensions and load restrictions to obtain specialized routing. The device also contains free lifetime traffic and maps tailored to the lower 48 states and Canada, truck-friendly points of interest, and a National Truck and Trailer Services Breakdown Directory. By entering his truck's dimensions and load restrictions in the vehicle profile feature, his dad can avoid car routes.","Opinions about suggestions for profile settings to use for a Volvo truck in the Garmin nuvi 465LMT GPS navigator tend to be more positive. Most are taking a positive view, they suggest setting up a truck profile with weight, height, and hazmat info. However, they do not solely rely on this GPS for routing. Other people have unsatisfied opinions, they report that despite using the truck mode on known truck routes, the GPS shuts down. They only trust it in car mode and suggest complaining to Garmin."
"Based on the information provided, it is unclear whether the LEDs of the Pilot Automotive White LED Quadra Strobe Kit with Controller are blue or white. However, the product features a powerful strobe that is water-resistant and can be customized. The package weighs only 5.6 ounces and contains step-by-step instructions for installation.","Based on the responses collected about the product Pilot WI-101W White LED Quadra Strobe Kit with Controller - 4 Piece, the questions asked are: whether the LEDs are blue or white because the title says white but the photos show blue, and whether the package actually weighs 5 pounds, it's evident that the product has both its supporters and detractors. Many users enjoy the product, they say the lights have white strobe LEDs despite blue photos, and the package weighs less than a pound, not 5 pounds. However, there were some users who had negative experiences, they debunk the package weight claim and express confusion over conflicting information about the LED color. The rest of other customers have provided objective feedback, and they confirm that the LEDs are white, but the package may not weigh exactly 5 pounds due to extra packaging materials."
"Based on the information provided, the Fotodiox lens mount adapter is only compatible with Nikon Nikkor F mount SLR/DSLR lenses without aperture preview control to fit on the Nikon 1-Series camera bodies. However, automatic diaphragm, autofocus, or any other functions will not operate correctly while using this adapter, and the lens would need to be manually controlled.","After analyzing the responses about the compatibility of Fotodiox Lens Mount Adapter for Nikon SLR Lens to Nikon 1-Series Mirrorless Camera Body, most users hold the positive view, they claim that the Nikon adapter can fit F mount lenses, all Nikon F mount lenses can be used in manual mode, and it can mount any Nikon lens with aperture setting and focus ring. While a part of users who have poor opinions, they say it is not compatible with all lenses and only works with specific mounts. It requires manual focus and exposure adjustment."
"Based on the information provided, the table has legs as its base. The dimensions of the table are 48 x 16 x 30 inches. There is no information given about the tapering of legs. However, the table is mentioned as 'easy to finish' and can be customized with a second shelf.","After analyzing the responses about the dimensions of the legs of International Concepts OT-9S Shaker Sofa Table for adding a second shelf, most users hold the positive view, they say the legs are tapered, measuring 2 and 1/4 inches at the top and 1 and 1/2 inches at the bottom, with approximately 25% tapering inside. While a part of users who have impersonal opinions, they report that the legs are tapered, but a cross bar can be used to add a second shelf. Yet, only a small percentage of people have disappointed opinions, and they report that the legs of the product are not tapered and have the same dimensions from top to bottom."
"Based on the information provided, the cover fits Lehman, Champion, California Sidecar and every popular Trike in the market including Ural motorcycle with sidecar. The measurement of the cover includes a side length of 122 inches, general height of 48 inches, and front windshield point height of 68 inches. The cover is made of breathable water-resistant polyester and has heat sealed seams for better water resistance. It also comes with a soft windshield protector and air vent system to prevent condensation build-up.","After analyzing the responses about compatibility of Formosa Covers Premium Trike Cover with Ural motorcycle with a sidecar, most users hold the positive view, they are unsure if the cover will fit a Ural motorcycle with sidecar. It fits their trike at 57"" with extra room and a Goldwing trike. While a part of users who have objective opinions, they suggest comparing the measurements of the cover to the dimensions of the Ural motorcycle with sidecar since their cover may not fit."
"Based on the information provided, the 71006 The Simpsons House includes the garage, the Simpson's car, as well as six minifigures comprising Homer, Marge, Bart, Lisa, Maggie, and Ned Flanders. Additionally, it is hinged in the middle for easy access to different rooms and measures over 9"" (23cm) high, 16"" (42cm) wide, and 9"" (24cm) deep.","Customers have expressed great affirmation with the inclusions of LEGO Simpsons 71006 The Simpsons House, they confirm that the 71006 The Simpsons House set includes the garage, car, figurines, furniture, and tools as shown on the box."
"Based on the information provided, the Cab Length Nerf Step is sold as a single unit, and the necessary mounting hardware is included in the fully welded assembly with integrated mounting brackets. The step is made from .084"" wall tubular steel, with a 3"" main tube that fits tightly to the body. The step plate is dimpled to provide superior traction and stability, and the product is available in standard Gloss Black powder coat or textured matte black finish.","Based on the responses collected regarding the specifications of N-FAB T0777QC Gloss Black Nerf Step for Toyota Tundra Double Cab 07-18 with regards to its quantity and included mounting hardware, it is evident that the majority of people have a positive perception. Many give positive answers, they say it's a pair and comes with all necessary mounting hardware. The product received good reviews for quality and ease of installation. While a part of people hold a balanced opinion, they say the product is sold as a set."
"Based on the information provided, the TYT TH-9000D is a heavy-duty two-way VHF mobile transceiver with an output power of up to 65W. It has 8 groups of scramblers, keypad lock function, and a high/medium/low power selection. However, there is no explicit mention of whether it is Milspec compliant.","When examining the responses gathered about the durability and ruggedness of TYT TH-9000D 136-174MHz 60W 200CH 8 Group Scrambler Car Truck Mobile Ham Radio for ATV use in search and rescue, and whether it meets Milspec standards, it's apparent that users have differing opinions about the product. Some people have satisfied opinions, they say the radio is solidly built and rugged enough for outdoor use, although it may draw too much current for some vehicles. Its durability has been tested in rough conditions and it has good broadcast strength while others had negative experiences, they say it's a tough radio but not suitable for heavy moisture exposure. It's a decent radio for the price but not comparable to higher-end brands. The rest of other customers have provided objective feedback, and they suggest using a handheld radio with an upgraded antenna. No comment on the toughness of the TyT-9000."
"Based on the information provided, the Hidden Blade Gauntlet features a spring-loaded, retractable blade, with switchblade-style action. The blade section attaches to the bottom of the forearm with Velcro straps and gauntlet attaches to the top of the forearm with a strap and buckle. However, there is no description available about whether a button is required to release the blade.","The overall feedback from customers about the mechanism of the blade on McFarlane Toys Assassin's Creed IV: Black Flag Hidden Blade & Gauntlet with Skull Buckle has been mixed, several customers hold positive views, they report that the blade has a safety lock and can be extended by pressing a button or the skull buckle while the others have expressed disappointment opinions, they report that the blade is accessed by pushing a button and must be pushed again to retract. The rest of other customers have provided objective feedback, and they say that to take out the blade, you need to push a button which makes it come straight out. To retract it, you need to push it back."
"Based on the information provided, the product does not mention anything about having a timer or 7 hrs delay. However, it has a microcomputerized temperature control system, a high-temperature keep-warm system, and a convenient re-boil mode. The water boiler and warmer have a non-stick interior, easy to clean and an auto shut-off system.","When examining the responses gathered about the availability of timer or 7 hours delay in the Zojirushi CW-PZC22FC Micom Super Boiler 2.2L, Floral, it's apparent that users have differing opinions about the product. Some people have satisfied opinions, they report that the 2.2 liter version does not have a timer or delay function. The kettle instantly boils and keeps water hot. Overall, it is a good and affordable purchase while others had negative experiences, they say this 2.2 liter version does not have a timer or 7 hrs delay. The water is hand-pumped and gets hot within a few minutes. The rest of other customers have provided objective feedback, and they report that the 2.2 liter version of the product does not have a timer or 7 hrs delay function. The product is basic and requires manual shut off."
"Based on the information provided, the Tru-square Metal Products tumbler has a 6 lb. capacity and comes with two 3lb. capacity, long-life, molded rubber barrels. Therefore, it includes everything needed to get started and does not require a separate kit with grit, etc.","After analyzing the responses collected regarding the contents of the Model A-R2 Kit Rock Tumbler, it is evident that the majority of people maintain a neutral and objective viewpoint, they suggest purchasing additional grit as the product may not come with everything needed to begin. And a few people have a optimistic outlook, they report that this product doesn't come with grit or fillers and that they had to purchase them separately. One person recommends it and uses both tumblers for different cycles. The kit with grit costs approximately $29."
"Based on the information provided, we cannot determine the authenticity of the product. However, the Neo Hybrid case is a two-piece case made of TPU and polycarbonate to provide protection against external impacts. It is designed to show off the form of the Samsung Galaxy S4 and comes with perfect cutouts for the ports, camera, and speakers. It also includes jellybean home button protectors.","Opinions about the authenticity of Spigen Neo Hybrid Galaxy S4 Case with Flexible Inner Protection and Reinforced Hard Bumper Frame for Galaxy S4 2013 - Dante Red tend to be more positive. Most are taking a positive view, they believe/say/report that the product is authentic, backed up with certifications and logos, and even an online authentication code to verify. Other people have impersonal opinions, they question the authenticity of the product, wondering how to distinguish genuine from fake. No clear consensus was reached."
"Based on the information provided, the product is sold individually but can be used for left or right ride control. KYB Excel-G Shocks & Struts are specifically calibrated to restore original handling and control characteristics, making them the recommended choice for Asian cars. The product features a Teflon coated piston band, precision sintered iron strut rod guide, and triple-chrome plated piston rod for better performance and long life.","Based on the responses gathered about whether the product includes a set or just one and if it includes left and right, it's clear that opinions are divided. While some users have a positive experience with the product, they recommend changing shocks/struts in pairs or all four for longer life of the shocks and a small part has negative experiences, they say that you only get one strut and need to buy the mounts and boots separately. Different parts are needed for each side. The rest of other customers have provided objective feedback, and they advise checking the part number for left and right compatibility as brake line and sway bar link brackets differ. One set might have different part numbers."
"Based on the information provided, the Little People Disney Princess Klip Klop Stable is recommended for toddlers between 18 months to 5 years old, according to the manufacturer's recommended age. The playset includes Rapunzel with Maximus and features magical klip klop movements that are sure to captivate and stimulate children's imagination. However, the price information is not available.","After analyzing the responses about the recommended age for Fisher-Price Little People Disney Princess Klip Klop Stable, most users hold the positive view, they recommend the product for children between 1-2 years old, and believe that children between 2-3 years old would fully understand how to play with it. Some older children also enjoyed it. While a part of users who have dissatisfied opinions, they recommend the product for children aged 11 months and older. The toy can be played with up to age 6, especially when multiple children are involved."
"Based on the information provided, the ContourROAM camera can be easily downloaded and assembled via Mac or PC using a free Storyteller App. Additionally, the camera is versatile and can be used anywhere, including in water as it is waterproof to one meter. However, it is not explicitly mentioned if the camera can work with a Mac laptop.","Based on the responses collected regarding compatibility between ContourROAM camcorder and Mac systems, it is evident that the majority of people have a positive perception. Many give positive answers, they report that the camera works with Mac laptops. Some suggest downloading Contour Storyteller, while others advise converting file formats. While a part of people hold a impersonal opinion, they only have Macs, implying that the compatibility of the camera with Mac laptops is important. Even so, only a few people have criticism with the product, and they report that the firmware Storyteller is only compatible with Macs that have Intel chips, according to Contour's website."
"Based on the information provided, the Sunforce 60 LED Solar Motion Light can detect motion up to 30 feet away with a detection range of 180 degrees. However, there is no information provided about the sensitivity level of the motion detection or if it would detect a chihuahua mounted outside on a single story home overlooking a normal sized backyard.","Opinions on the sensitivity of motion detection in Sunforce 82156 60-LED Solar Motion Light for detecting a small pet mounted on a single story home overlooking a backyard seem to be divided among users. Some are giving affirmation to the product, highlighting its they find the question about motion detection sensitivity humorous and share anecdotes of small dogs triggering the sensor from varying heights/distance while others have expressed dissatisfaction, they express confusion/disbelief about the question and suggest using a more suitable dog for outdoor security. The rest of other customers have provided objective feedback, and they say the motion detection can detect a cat at 30 feet but may not be consistent in detecting a mounted chihuahua outside."
"Based on the information provided, there is no explicit mention of compatibility with 1999 Suzuki Savage 650 LS. However, the dimensions of Nelson-Rigg CL-1060 Tail Bag are 12.5"" L x 10.5"" W x 4"" H standard/12.5"" L x 10.5"" W x 7"" H expanded, with the capacity of holding 8.6 liters/15.06 liters expanded. The bag is designed to easily mount to most tail sections and seats.","When examining the responses gathered about compatibility of Nelson-Rigg (CL-1060) Black Sport Tail/Seat Bag with a 1999 Suzuki Savage 650 LS, it's apparent that users have differing opinions about the product. Some people have satisfied opinions, they assure that the bag is adjustable and should fit without any problem on the given bike model, as reported by previous customers while others had negative experiences, they say the bag may fit on a 1999 Suzuki Savage 650 LS if there is a rear luggage rack, but can cause discomfort without it. Some feel the bag looks too modern for an older bike. The rest of other customers have provided objective feedback, and they suggest looking for a bag for a cruiser that would fit better for the 1999 Suzuki Savage 650 LS. The bag may hang over the seat and look odd."
"Based on the information provided, the double-walled borosilicate glass of this mug is designed to retain heat, freshness, and prevent condensation; therefore, it can be used with a desk coffee warmer to keep the coffee warm. The exterior wall remains cool to the touch. It has a 16-ounce capacity and is dishwasher safe.","The responses collected regarding using Primula Double Wall Borocilicate 16-Ounce Glass Coffee Mug with a desk coffee warmer and its ability to keep the coffee warm suggest that the product has generated a range of opinions among users. While some users have positive experiences with the product, they say the dishwasher-safe cup is also safe for the microwave because of its double-walled and insulated glass material. And others encounter issues, they say it's not recommended to use it with a desk coffee warmer because its double wall insulation would prevent external heat transfer. The rest of other customers have provided objective feedback, and they suggest that using this cup with a desk coffee warmer may not be effective, but the cup itself keeps coffee warm for a long time."
"Based on the information provided, the Spacemaker can opener has a Power Pierce Cutter that allows it to easily open big and tall cans with hands-free operation. Additionally, it features a knife sharpener and bottle opener and can be mounted under cabinets to save counter space. The product is made by Black & Decker, weighs 2.7 pounds, has a stainless steel blade, and is available in white.","Almost all customers have reported that the specifications has exceeded their expectations, they report the product as easy to install and use, fitting well under cabinetry, with dimensions of approximately 7x3.5x4.5 inches, and a snap mechanism to open cans."
"Based on the information provided, the dimensions of the middle shelf are not specified, so it's impossible to determine whether fabric drawers would fit. However, the collapsible fabric storage bins included are removable and could serve the same purpose. The overall dimensions of the shelving unit are 12""L x 31.63""W x 28.75""H.","After reviewing the responses to the available space and height of the middle shelf on the Whitmor Closet Shelves and Drawers for potential fabric drawer storage, it appears that the majority of users have positive experiences with the product. Specifically, many users appreciate it, they say fabric drawers that come with the product fit on the middle shelf. Some claim it has about 8-inch height; all believe it's perfect for shoes and folded clothes. However, there are a few users who expressed pessimistic views, they report that the middle shelf provides 8"" of space which can accommodate fabric drawers. Negative feedback is also given."
"Based on the information provided, the phone case is designed to provide water protection up to 2 meters/6.6 ft depth, and includes a waterproof earphone jack adapter cable. The touch screen can be accessed through the protective clear cover. However, it should be noted that some reviews are mixed regarding its effectiveness against water damage.","The responses received about the effectiveness of the Generic Cell Phone Case for iPhone 5/5s - Non-Retail Packaging - Pink in protecting the phone from water reflect a mostly negative sentiment. A lot of people are not satisfied with the product, they say the case is unreliable, leaked, and made their voice distorted. It's recommended to invest in a real Lifeproof case. And a few respondents have a promising perspective, they say the waterproof case worked fine after a water test and slight splashing, despite confusing reviews."
"Based on the information provided, the product description and feature bullets mention a finely woven stainless steel mesh body, but there is no specific information given about the size of the mesh. Further inquiry or customer reviews may be necessary to determine if it is suitable for brewing tea with finely ground spices without them falling to the bottom.","After reviewing the feedback about the fineness of the mesh in Stainless Steel Mesh Tea & Cooking Infuser, it is apparent that the majority of people have a negative outlook, they say the mesh is fine, but spices like cinnamon and ginger do get through. Some suggest using paper strainers for ground spices. Nevertheless, a part pf people hold a neutral view, they suggest using a tea sock for ground spices as they will fall through the mesh of the product."
"Based on the information provided, the C.R. Gibson Recipe Box has dimensions of 6-1/2 x 4-1/4 x 5 high and includes 12 informational divider cards and 40 4"" x 6"" recipe cards, which means it can hold up to 365 cards.","Upon examining the responses to the capacity of C.R. Gibson Recipe Box-bon Appetit-red for storing recipe cards, it is evident that most people have a neutral opinion, and they don't think it can hold 365 cards. The estimated capacity is around 200-250 cards, depending on card weight and size. And a few people have a optimistic outlook, they confirm that the product can hold 365 cards, as it is very big. Even so, only a few people have criticism with the product, and they think that the product may not be able to hold 365 cards, but it can hold around 200+ cards which may not be easily accessible. It is very big."
"Based on the information provided, the Stainless Steel Beer Mugs have a high gloss exterior which seems to be coated. However, it is not explicitly mentioned in the description or feature bullets provided. It is best to contact the manufacturer or seller to confirm before engraving.","Opinions about the possibility of engraving on the Set of 4 Stainless Steel Beer Mugs and whether they have a coating finish on the outside tend to be more positive. Most are taking a positive view, they say the highly polished stainless steel exterior can be engraved with options of oxide, laser, or diamond machine engraving. The mugs are sturdy and make great gifts. Other people have impartial opinions, they confirm that the mug does not have coating on the outside and can be engraved for a wedding, with the appearance of brushed stainless steel."
"Based on the information provided, the Dansha Farms Milkier is a sealed system that provides a powerful vacuum and is easy to clean. It is suitable for people with arthritis and is a simple and inexpensive solution for milking. The system is safe for the animal and the milk stays clean. However, there is no information available in the description or feature bullets on whether this milkier pulstate or is a straight vacuum.","Upon analyzing the feedback about the pulsation mechanism of the Rechargeable Goat, Sheep, Cow Milk Machine with a half-gallon capacity and two teats for one to two gallons per charge, it is clear that most people have a positive outlook. Many individuals have very positive attitude, they say it is a straight vacuum milker, but with a pulsation-like feature that needs manual control for efficient milk flow. While a proportion hold a rational opinion, they say it doesn't pulsate, but there is a button that can be used to operate it as a pulsating vacuum. It's recommended to contact the manufacturer for further information."
"Based on the information provided, the Tie Interceptor vehicle's dimensions are 15.98 x 6.5 x 10.51 inches, and it is a vintage vehicle from Star Wars: Return of the Jedi movie. The wings can be detached, simulating battle damage. The product is recommended for children aged four and above.","Customers have been thrilled with the size and scale of the Star Wars Return of the Jedi The Vintage Collection Tie Interceptor Vehicle [Amazon Exclusive], they say it's made for the 3.75 inch scale action figures, with a retooled cockpit design. The box is collectible and reasonably priced."
"Based on the information provided, the Pelican 150QT cooler weighs 79.1 pounds (29.9 kilograms) and has a package dimension of 45.5 x 25.7 x 25.2 inches.","After reviewing the responses to the weight of Pelican Products Progear Elite Cooler, 150 Quart, it appears that the majority of users have positive experiences with the product. Specifically, many users appreciate it, they report that the 150 quart cooler weighs approximately 66-80 pounds when shipped or fully loaded, and approximately 50-70 pounds when empty. However, there are a few users who expressed negative views, they report the 150 quart cooler weighs 80 lbs and may require two people to lift when full. Even so, only a few people have balanced feedbacks, and they estimate that a 150 quart cooler weighs about 65 pounds."
"Based on the information provided, there is no specific information about the hooks present in the Honey-Can-Do SRT-01235 Heavy-duty Triple Rolling Laundry Sorter/Hamper. However, the three removable poly-cotton sorting bins with metal handles are convenient for carrying and washing.","Opinions about the durability of hooks on Honey-Can-Do SRT-01235 Heavy-Duty Triple Laundry Sorter when lifting out clothing near the sorting bin tend to be more positive. Most are taking a positive view, they report that the hooks stay on the rack while the bags are easily removed using handles, and the overall structure is sturdy enough to handle a full load of laundry. Other people have impartial opinions, they say the bags hold a large load of laundry, approximately 20-30 T-shirts per bag, and one bag equals a medium-sized Laundromat load."
"Based on the information provided, the S series speakers are designed as OEM drop-in replacements and offer great performance at a competitive price. The speakers feature a dual cone tweeter with a 2-layer paper DDC cone for rich bass and a low profile, pure silk dome tweeter for high frequencies. However, there is no direct comparison between Jeep GC Infinity speakers and the S-series speakers.","Numerous customers have expressed affirmation with comparing PowerBass S-275CH speakers to stock Jeep GC Infinity package speakers, they say the dash speakers are better replacements than the factory infinity ones, with improved sound quality and good value for money."
"Based on the information provided, the cabinet has a height of 34 inches which may be too tall for the user's preference. The top is not mentioned as a separate piece which may interfere with the user's plan to span granite across both. The cabinet has two latticed, glass-panel doors that open with clear knobs. The cabinet requires minimal assembly.","Opinions on inquiring if the top of the Elegant Home Fashions Neal Collection Shelved Double-Door Floor Cabinet with Latticed Window Panels in White is a separate piece due to the customer wanting to use it next to their vanity and span granite across both seem to be divided among users. Some are giving affirmation to the product, highlighting its they say the top is a separate piece and the sides need to be cut down to adjust the height. The feet are also separate while others have expressed dissatisfaction, they confirm that the top of the unit is not a separate piece, and it's a one-piece unit with sides from the floor to the top. The rest of other customers have provided objective feedback, and they say the top is a separate piece, but not 4 inches thick. The whole cabinet can be put together without the top."
"Based on the information provided, there is no mention of the camera coming with a shoulder strap. However, this device features a hidden camera lens with a maximum support of 32GB SD card and motion sensing mode with 1080 resolution. It comes with accessories including filters, lenses, and a tripod.","Based on the responses collected regarding whether the Hidden Camera WiFi Adapter 1080P Spy Camera Wall Charger with Night Vision Spy USB Camera Mini with Motion Detection Plug Camera Hidden Wireless with Playback - Real Time Home or Office Surveillance comes with a shoulder strap, it is evident that the majority of people have a positive perception. Many give positive answers, they confirm that the camera comes with a shoulder strap included in the kit. While a part of people hold a impersonal opinion, they confirm that the camera package includes a sturdy shoulder strap and a memory card wallet."
"Based on the information provided, there is no direct mention of wireless charging for the Fosmon TPU case. The description and attributes only provide information about the material and design of the case, and the features of the product do not specify wireless charging capability.","When examining the responses to wireless charging with OtterBox Commuter Series Case for Nokia Lumia 920, it becomes clear that most people have a positive perception, they say the phone case can be charged on a wireless plate charger without taking the case off. It gets hot during the process though. While only a percentage holds a impersonal view, they are unsure if the product can be charged on a wireless ""plate"" charger as they do not own one"
"Based on the information provided, the Takeya Classic Water Bottle with silicone sleeve is safe to put in the dishwasher. However, there is no information provided about its suitability for use in the microwave. It is recommended to remove the sleeve before microwaving the water bottle.","When considering the responses to microwaving Takeya Classic Glass Water Bottle with Silicone Sleeve with the sleeve on, many users enjoy using the product, they say it's okay to microwave the product with the sleeve on it and it works just fine. Meanwhile, there are a few customers who have different attitudes, they say the product is not microwaveable and recommend against microwaving with the sleeve on. The label specifically advises not to microwave it."
"Based on the information provided, the Topeak Dyna Pack DX features an Exo-frame with a quick click seatpost clamp for easy installation and removal. Therefore, there is no need to purchase an additional clamp for attachment to the bike. The molded construction of this lightweight bag is water repellent and aerodynamic, making it perfect for commuting or touring cyclists to carry their gear without the need for a rear rack.","Opinions on whether Topeak Dyna Pack DX with Rain Cover includes a clamp for attachment to the bike or if an additional clamp like Fixer 7 is required seem to be divided among users. Some are giving affirmation to the product, highlighting its they say that the product includes a clamp for attachment to the bike. No need to purchase an additional clamp while others have expressed dissatisfaction, they suggest using a bag instead of carrying the 14-inch long pump inside as the internal length of the product is 13.75 inches straight. The rest of other customers have provided objective feedback, and they report that the longest internal dimension of the product is just about 14 inches and it has a slight bit of stretch to it."
"Based on the information provided, the Derale transmission cooling pan comes with a neoprene gasket, magnetic drain plug, and 1/8 inch NPT temperature sender plug. It is redesigned to fit more applications than previous designs and will now fit with late model 5R110 and 5R110W transmissions. It also features a stronger magnetic drain plug and rubber/steel reusable washer. Therefore, it should fit without requiring an additional filter.","When it comes to the compatibility of the original filter with Derale 14208 Transmission Cooling Pan for Ford E4OD, 4R100, 5R110 and 5R110W, the responses are mixed, with some users expressing positive views and others having negative experiences. On the positive side, they report that the original filter for the transmission pan works well, but some opted to replace it while it was off. It works with 5R110 or 5R110W filter configurations. However, on the negative side, they suggest using the gasket that comes with it, but recommend checking for defects and using additional sealer to prevent leaks. Moreover, there are also some people who reply objectively, and they say you need the ""deep pan"" version for a different filter. The pan has a ledge inside that supports the filter, and the original filter can still be used."
"Based on the information provided, there is no information regarding whether the product deflates items or not. However, the product is compact, powerful, and comes with three interconnecting nozzles. It is suitable for camping & hiking and compatible with car plug.","The responses to whether the Intex Quick-Fill AC Electric Air Pump deflates as well are varied, with some users reporting positive results and noting that they confirm that the product deflates and comes with a car plug, not an electric outlet plug. However, other users have had negative opinions, they say it does deflate with the nozzle on top, but it is not very efficient and a manual pump is easier. Moreover, there are also some people who reply objectively, and they say it does not deflate as it only has an on and off switch, and there is no valve to open."
"Based on the information provided, the product dimensions of the deep fryer are 12.75 x 12.75 x 18.5 inches. Therefore, 18.5 inches refer to the height of the fryer.","Upon analyzing the feedback about the dimensions of the Waring Pro DF280 Professional Deep Fryer, Brushed Stainless [DISCONTINUED], specifically the 18.5 measurement and what it refers to (width, height, or length), it is clear that most people have a positive outlook. Many individuals have very positive attitude, they say it's the length of the heating unit, measuring 17"" from front to back. While a proportion hold a unfavorable opinion, they report that this product does not maintain oil temperature well, and the displayed temperature is not always accurate. It can heat up to 375F."
"Based on the information provided, the ceramic bowl can be used to cook frozen vegetables in the microwave. The 3-piece set includes a ceramic bowl, microwave-safe plastic bowl holder, and vented lid. It has a large capacity of 24 ounces and is dishwasher safe. The product dimensions are 7 x 3.62 x 9.25 inches.","About the suitability of Handy Gourmet Cool Touch Microwave Bowl for cooking frozen vegetables has received high praise from many customers, they say that the product can be used to cook 1 to 2 servings of frozen vegetables on high for 3-4 minutes, and the bowl is big enough for a regular can of vegetables."
"Based on the information provided, the Libbey beer mugs are made of thick and clear glass, and they enhance the taste and aroma of full-bodied beers. They can also be frosted in the freezer and used to keep beer cold. They are dishwasher safe for easy cleanup.","Almost all customers have reported that the clarity of Libbey Heidelberg Glass Beer Mugs has exceeded their expectations, they say the glass is clear and looks expensive, with good purity after numerous washes, heavy and outstanding for the price."
"Based on the information provided, the dimensions of the Panasonic automatic rice cooker are 7.7 x 7.6 x 6.6 inches. This small electric appliance has a 1.5 cups uncooked/3 cups cooked capacity and features a glass see-through lid, a non-stick coated pan, and one-step automatic cooking.","After reviewing the responses to the dimensions of PANASONIC SR-3NAR Automatic Rice Cooker, it appears that the majority of users have positive experiences with the product. Specifically, many users appreciate it, they say the rice cooker is approximately 5-1/8 inches high by 6-1/8 inches wide without handles, and 8 inches wide with handles. However, there are a few users who expressed neutral views, they report the rice cooker has a cooking bowl height of 2.5 inches, a diameter of 6 inches, and a device height of nearly 5 inches. Even so, only a few people have criticism with the product, and they report that the rice cooker is quite small, suitable for one to two people, and around 5 inches in diameter."
"Based on the information provided, it is not mentioned how many golf courses are programmed into the Golf Buddy. The product information only provides details about its easy-to-clip feature, compatibility with GPS units (sold separately), and the availability of the wristband accessory.","Based on the responses collected about the number of Golf Courses programmed into Golf Buddy Voice 2 Wristband, it's evident that the product has both its supporters and detractors. Many users enjoy the product, they say the Golf Buddy is pre-loaded with 35,000+ golf courses worldwide and helps to find the course and yards accurately. However, there were some users who had negative experiences, they believe the product is a scam and do not recommend buying it as it only provides a toy watch with a fake cardboard screen. The rest of other customers have provided objective feedback, and they report 36,000 golf courses available on golfbuddyglobal.com for the Golf Buddy device."
"Based on the information provided, the Bose Wave Music System 111 SLV can use this external dipole FM antenna to boost FM reception. The antenna measures 9 feet long and can be plugged directly into the antenna input. However, the antenna's functionality depends on the user's location and building, and optimal reception is achieved by extending the antenna ends as far away from the unit and other equipment as possible.","Opinions about compatibility of Bose Wave FM Antenna with Bose Wave Music System 111 SLV tend to be more positive. Most are taking a positive view, they say the antenna should work as long as the unit has a jack, though some report that it has made no difference. Other people have balanced opinions, they report that the Bose Wave Music System 3 antenna works well, providing better reception and clear sound, but more information is needed to determine if it will work for the SLV model. Yet, only a small percentage of people have disappointed opinions, and they report that the antenna did not work for their Bose Wave Music System III SLV."
"Based on the information provided, the custom-made armband is designed specifically for the device mentioned. It is fully adjustable, with a minimum arm circumference of 26cm and a maximum of 44cm. The silk printing allows for full use of the volume controls and power button, making it perfect for use during exercise. However, there is no information about the size of the hybrid case, so it cannot be confirmed whether it would fit.","About compatibility of iGadgitz Black Water Resistant Neoprene Sports Gym Jogging Armband with iPhone 5 with hybrid case has generated a mostly negative response from customers in relation to the question, they say the case won't fit an iPhone 5 with a hybrid case, as it is already a snug fit just for the phone."
"Based on the information provided, the Zoeller Company offers a replacement switch for submersible pump models, including the 53, 55, 57, 59, 97, and 98. It is possible that a bad switch could be causing the sump to stop working, and the Zoeller #004892 switch may be a solution.","The overall feedback from customers about determining if a bad switch might be causing a sump pump to stop working intermittently has been mixed, several customers hold positive views, they say that cleaning the sump may temporarily fix it, but it's not necessarily a sign of a bad switch. The pump may not be designed for the debris clogging it, and switch replacement might be necessary while the others have expressed disappointment opinions, they suggest that the pump's impeller may be clogged or the seal is allowing water into the switch area causing a shock hazard. Also, they recommend replacing the entire switch assembly, as the switch itself is not designed to be rebuilt. The rest of other customers have provided objective feedback, and they suggest checking if the switch area is being cleaned when the sump is fixed by a friend."
"Based on the information provided, the Wallet Case is designed ONLY for the Google Moto X (2013 model). It features dual protection and raised around the edges design to prevent face down damage. The case also offers two ID slots, one full-sized bill fold and a lifetime warranty with free replacement. However, there is no information available that this case can fit the Moto XT 1058 model.","Customers have expressed great affirmation with compatibility of Cellto Premium Moto X Wallet Case with HD Screen Protector [Slim Ultra Fit] (Seafoam Green) Diary Cover w/ ID Pocket Top Quality (1st Generation) with Moto XT 1058, they say the Moto XT1058 and Moto X are the same, so the case should fit. It was designed for Moto X and fits it snugly."
"Based on the information provided, it is unclear whether the hardware is included. The product description and feature bullets do not mention hardware. Additional information may be required.","When examining the responses to the inclusion of hardware in the Nature Walk Towel Ring Hook, it becomes clear that most people have a positive perception, they confirm that the hardware for hanging is provided, but some suggest using longer screws due to the short ones provided. While only a percentage holds a disappointed view, they say the hardware is included, but it consists of short screws and anchors which are replaced by longer ones"
"Based on the information provided, the Eastwood Professional Cable Tie Gun can fasten and cut cable ties easily with just one squeeze. So, it is not necessary to load one tie at a time. It has an adjustable tension to ensure wires are cut cleanly, leaving no sharp edges. It is made from an all-metal construction and lightweight aluminum alloy cover, suitable for cables up to 1/4"" wide.","When considering the responses to the loading process of Eastwood Professional Cable Wire Tie Gun, many users enjoy using the product, they all confirm that the tool requires loading of one tie at a time, but it works efficiently to tighten and cut ties accurately. Meanwhile, there are a few customers who have different attitudes, they say the cable tie gun grabs only the long end to cut and tighten it, and you have to manually apply the tie, not an auto-loader."
"Based on the information provided, a crystal clear glass canopy is provided to sit the lighting while allowing easy access to the tank. The vinyl strip on the backside of the product is convenient for custom set-ups where required holes can be cut. Therefore, it is recommended to use any lighting that suits your aquarium's needs.","The responses to compatibility of a light with Perfecto Manufacturing R01929 Glass Canopy Aquarium are varied, with some users reporting positive results and noting that they report that you can use any aquarium light fixture that fits your tank. The product fits under any light and doesn't hinder it. However, other users have had negative opinions, they say it will not work with the center brace and they do not carry the correct top for the aquarium. Moreover, there are also some people who reply objectively, and they say the center brace should work as long as the measurements match the tank size."
"Based on the information provided, the description and attributes provide information about the features of the Canon PowerShot SD1100 IS such as the colors, advanced technology features, and performance. However, there is no specific information regarding the appearance of the gold and brown versions or a comparison between them.","After analyzing the responses about preferences for the color of Canon PowerShot SD1100IS 8MP Digital Camera, specifically whether it is shiny gold or a more subtle taupe/camel gold, most users hold the positive view, they say the gold is pale and tan, while the brown is beautiful and rich with great screen contrast. The gold is more like caramel or metal beige, like a luxurious jewel. While a part of users who have rational opinions, they like the gold and brown Canon SD1100 but are struggling to decide which color to choose and have difficulty finding the gold color to see it in person."
"Based on the information provided, the Delta Faucet 1977-DST can be connected to an under the sink Everpure filtration system. It is compatible with reverse osmosis systems and has an air gap included. The faucet has a 1.5 GPM laminar flow rate and uses DIAMOND Seal Technology with InnoFlex waterways.","When considering the responses to compatibility of under the sink Everpure filtration system with Delta Faucet 1977-SS-DST Beverage Faucet, many users enjoy using the product, they say the faucet can be connected to an under-sink filtration system easily, as it uses a common 3/8 compression fitting. Some users have already connected it to GE or reverse osmosis systems. Meanwhile, there are a few customers who have different attitudes, they confirm that the faucet can be connected to an under-sink filtration system, but don't have specific information and suggest asking for more details. Yet, only a small percentage of people have disappointed opinions, and they report it didn't work for an Aquasana undercounter filtration system and are unsure about compatibility with Everpure."
"Based on the information provided, it is not clear whether the Flip Ultra camcorder is compatible with a Macintosh computer without downloading additional patches. However, the camcorder features a flip-out USB arm that connects directly to a computer and includes built-in FlipShare software for easy video editing, sharing, and uploading to popular social media sites. The camcorder is pocket-sized and captures up to 120 minutes of full VGA-quality video on 4 GB of built-in memory. It also has a 2-inch color LCD screen for video playback and deletion.","The feedback received about compatibility of Flip Ultra Video Camera with Macintosh without needing additional software suggests that the opinion is predominantly neutral, they suggest that 2nd generation flips should work with late version Macs, but movie editing functions are not compatible. iMovie might be a solution. Meanwhile some others have disappointed feedbacks, they report connectivity issues and inquire about compatibility with Macintosh without patches for the Flip Mino HD and Ultra. Even so, only a few users have positive experiences with the product, and they say the Flip works fine with Mac, even with iMovie, and Flipshare editing software works too. However, the latest Flipshare update may not work on legacy PowerPC Macs."
"Based on the information provided, the SmartScoop self-cleaning litter box does not require a liner and works with any type of clumping litter. It picks up only dirty litter, uses less litter, and does not waste clean litter, keeping the box clean. The scooping action is efficient, and it uses proprietary no-touch waste bags, which cost less than crystal cartridges or plastic receptacles.""","When examining the responses to using liners with the Pet Zone Smart Scoop Automatic Litter Box, it becomes clear that most people have a positive perception, they say that it depends on personal preference as the Litter Maid box can either use a plastic liner or a plastic container. While only a percentage holds a disappointed view, they confirm that a liner is not required for the litter tray and suggest washing it post-use"
"Based on the information provided, the height from underneath to the floor of the Twin over Full Loft Bed in Merlot Finish is not given. The loft bed is made of solid wood and features a reversible chest, European roller guide drawers, and a complete slat kit that makes it mattress ready.","Based on the responses collected regarding the height of Discovery World Furniture Twin Over Full Loft Bed in Merlot Finish from underneath to the floor, as the customer wants to use the space underneath as a play area by leaving out the bottom bed, it is evident that the majority of people have a positive perception. Many give positive answers, they say the distance from the floor to the bottom of the rail is roughly 48 inches or just a bit over 4 feet, providing ample space for a small play area. While a part of people hold a objective opinion, they report that the bed is a decent size for a play area, and children under 10 years old could walk under it. It's great without the bed underneath."
"Based on the information provided, the product information only describes the features of the Nike FuelBand such as tracking daily activity and integrating with social media accounts. It does not explain why this seller is charging more than the price listed on Nike's website.","When examining the responses gathered about the price difference between the Nike Fuel band being sold by a seller and Nike's official website, it's apparent that users have differing opinions about the product. Some people have satisfied opinions, they report that the Nike Fuel Band is cheaper at Nike's official website, and also offer free shipping while others had negative experiences, they report overpricing on Amazon by sellers who take advantage of a temporary Nike out-of-stock situation. The rest of other customers have provided objective feedback, and they don't provide a clear answer or perspective regarding the price difference between the seller and Nike."
"Based on the information provided, there is no information about what kind of oil should be used or whether oil leaks can be repaired. The item comes with an oil feeder with oil, but it is not specified what type of oil it contains. There is also no information provided about oil leak repairs.","Most of the opinions to maintenance and repair of the Heavy Duty 1240w Electric Demolition Jack Hammer, including the type of oil to use and how to repair oil leaks are neutral and objective, they say to use 30 weight oil, and that oil leakage is normal and can be monitored through the sight glass. Nonetheless, a proportion of people hold a promising outlook, and they suggest using heavy-duty gear oil or cheap thick motor oil. Leaking oil is common and not a concern for some users."
"Based on the information provided, the cup/pot is made of solid Glacier stainless steel with wire bail handles that can fold flat for easy storage and transport. It has a 20-fluid-ounce capacity and measures 4.2 x 4.2 x 3.5 inches, weighing 4.9 ounces. However, there is no mention of a lid, and the information about the handles is that they fold flat to save space and extend for cooking or a little bit of extra reach.","When it comes to the lid and handles of GSI Outdoors Glacier Stainless Bottle Cup/Pot, the responses are mixed, with some users expressing positive views and others having negative experiences. On the positive side, they say that the cup doesn't come with a lid, but the Toaks Titanium pot lid fits it. The handles don't lock, but are well-made. However, on the negative side, they say the pot doesn't come with a lid, but one can be made from a can. The handles are not very stable and don't lock properly. Moreover, there are also some people who reply objectively, and they say the pot does not come with a lid and the handles are decently sturdy, staying open by friction and snugly closed."
"Based on the information provided, the AmazonBasics mini travel Stand is compatible with popular tablets and e-readers, including the iPad mini. The stand holds devices hands-free and folds up, making it a portable option for watching movies, reading, and more.","Based on the responses collected about compatibility of AmazonBasics Mini Travel Stand with iPad mini, it's evident that the product has both its supporters and detractors. Many users enjoy the product, they say the stand fits the iPad Mini as it is universal for smaller tablets with adjustable wedges, and has worked well for Samsung Galaxy Note 8 and Fire HD tablets. However, there were some users who had negative experiences, they are unsure if it fits the iPad mini and apologize for being unable to provide accurate information. The rest of other customers have provided objective feedback, and they are unsure if the stand fits an iPad mini as they have never seen one before, but it can hold a Reader's Digest. Another person is unsure but thinks it may fit if it is the same size as a small Samsung note."
"Based on the information provided, the given product description and feature bullets do not provide any information regarding the length of the cord.","After reviewing the responses to the length of the cord for Farm Innovators Model HR-75 Decorative Heated Rock Bird Bath De-Icer, it appears that the majority of users have positive experiences with the product. Specifically, many users appreciate it, they say the cord is around 4-5 feet long, but recommend using an outdoor extension cord. Lengths range from 15"" to 2 feet. However, there are a few users who expressed objective views, they say the cord is short, requiring an extension cord. It measures 2.5 feet long, requiring an additional object, and an outdoor extension cord."
"Based on the information provided and attributes, the height of the bowl is not mentioned. The overall height of the measuring cup with lid is 5.62 inches, and the item dimensions are given as 10 x 7.87 x 5.62 inches. However, it doesn't specify the height of the bowl in particular.","The responses to the height of Pyrex Prepware 8-Cup Measuring Cup are varied, with some users reporting positive results and noting that they say the bowl's height is 5-5.25 inches and it is 7 inches wide. It is perfect for small mixing and measuring tasks. However, other users have had negative opinions, they believe the height of the bowl is 10 inches, but are not able to confirm as they do not have access to it currently. Moreover, there are also some people who reply objectively, and they say the height of the bowl is approximately 5 1/2 inches, not 6, 7, or 10 inches. It's ideal for mixing and isn't used much for refrigerated storage."
"Based on the information provided, there is no specific mention about the weight capacity or the stereo system compatibility of the Memphis Shades Batwing fairing. However, the fairing body is 33-1/2"" to 36-1/2"" wide (depending on model) and 17"" (approximately) tall (excluding windshield and wind deflectors) which may provide sufficient space to install a stereo system. Consider consulting the company for more details.","Almost all customers have reported significant problems with compatibility and weight capacity of stereo systems with the Memphis Shades Batwing Fairing without mounts for a 04-09 Yamaha XVS11A, they caution against adding a stereo system to the Memphis Shades Batwing Fairing and suggest finding a fairing designed for add-ons. Aftermarket handlebar mount speakers may be expensive and not high quality."
"Based on the information provided, Northwestern Bell MB2060-1 Big Button Phone White is a corded phone that can be mounted on the wall. The product dimensions are 10 x 7 x 3 inches and it weighs 8 ounces. The item model number is 1126-NWB-20600, and it was discontinued by manufacturer Teledynamics. The price is not provided.","The responses collected regarding the wall mount capability of Northwestern Bell MB2060-1 Big Button Phone White suggest that the product has generated a range of opinions among users. While some users have positive experiences with the product, they say it can be used as a wall mount. The phone has a slot for wall mounting, but the tab needs to be turned over. And others encounter issues, they reported that it is not designed to be a wall mount phone. The rest of other customers have provided objective feedback, and they suggest that it may have a hook on the back to mount it on the wall, but they have not confirmed it."
"Based on the information provided, the Feline FunhouseTM Outdoor enclosure has weather-resistant nylon netting that allows the free flow of air, and is tough enough to stand up to claws. The netting is designed to prevent pets from escaping and dirt/bugs/grasses from entering while staying breathable. However, it is recommended that the pet is supervised while using the Funhouse.","After reviewing the responses to the durability of the mesh screen in the Outdoor Feline Funhouse against sharp claws of cats, it appears that the majority of users have positive experiences with the product. Specifically, many users appreciate it, they supply pegs to hammer into the ground or bags to fill with sand. However, the weight of the pets may be enough to prevent tipping. However, there are a few users who expressed balanced views, they say that it is not probable for cats to rip the mesh screen, but if they are determined to get out, their claws may get wrapped around in the mesh."
"Based on the information provided, the quilt background color is ecru, which is a darker shade of ivory. The description mentions ""deep ecru fabric"" and the attributes mention the color as ""Ecru"". However, there is no specific mention of the quilt background being a pale yellow color.","About the color of the background of Greenland Home Antique Rose Full/Queen Quilt Set has received high praise from many customers, they report that the quilt background is either a pale yellow or a darker cream/ivory with an old-world look. Colors remain true after washing."
"Based on the information provided, the Avanti Hot&Cold Water Dispenser WDP75 has adjustable front legs and individual stainless steel reservoirs for hot and cold water. However, there is no information available about whether the cold water temperature is adjustable.","The opinions to the temperature of cold water in Avanti Open Box WDP75 Hot and Cold Water Dispenser and whether it is adjustable or not are mostly neutral, and they report that the cold water is cool, not cold, and not adjustable. Hot water may not come out hot immediately. And some others have a unsatisfied opinion, they report that the cold water temperature is not adjustable and that there is no room temperature option, which may be problematic for making coffee. Even so, only a few users have positive experiences with the product, and they report that there is no readout for water temperature but the cold water stays adequately cold and the hot water gets really hot fast. The temperature can be adjusted to ""Normal"" or ""E-C"" settings."
"Based on the information provided, the given product description and features do not mention any warranty for internal problems such as hard drive crash or hang-ups. It only offers a Drops & Spills Warranty. It is recommended to contact the manufacturer for further information on internal problem warranties.","Based on the responses collected about the internal warranty options for Dell Inspiron i15R-2105BLU 15-Inch Laptop, it's evident that the product has both its supporters and detractors. Many users enjoy the product, they report no issues with this computer after reinstalling Windows 7 and do not discuss the Drops & Spills Warranty for internal problems. However, there were some users who had negative experiences, they express dissatisfaction with the laptop's performance and lack of knowledge about internal warranty coverage. The rest of other customers have provided objective feedback, and they believe the standard Dell warranty covers internal issues such as hard drive crashes and hang-ups. The Drops & Spills Warranty has not been used yet."
"Based on the information provided, there is no specific information about the ease of removal of Final Touch Silicone Bottle Stoppers once fully seated. However, considering they are made of silicone, they are flexible and should be easy to remove manually.","When considering the responses to the ease of removal of Final Touch FTA1847 Silicone Bottle Stopper by hand once fully seated, many users enjoy using the product, they say it's easy to remove the silicone stoppers by twisting/pulling and the stopper will pop out or rise if overfilled. Meanwhile, there are a few customers who have different attitudes, they say it is very easy to remove, but it restricts laying the bottle horizontally and must be kept upright."
"Based on the information provided, there is no information about whether this air pistol comes in a 22 caliber, It features a 10.1-inch barrel with 10 lands and grooves, an adjustable single-stage trigger, and over 40 shots at a consistent velocity from one Crosman Powerlet. The rear LPA sight has micrometer adjustments and hardened click screws, and it comes with a one-year limited warranty.","When examining the responses to the availability of 2300T Air Pistol in .22 caliber, it becomes clear that most people have a positive perception, they report positive experiences with the .22 cal Winchester, stating it is very powerful, while recommending the .177 cal Crosman for backyard targets and training. While only a percentage holds a poor view, they report that the 2300T model is only available in .177 but a similar one in .22 can be ordered from Crosman's shop. The .177 is popular for target practice while the .22 is suited for rifle hunting Even so, only a few people have balanced feedbacks, and they say the Crosman 2300 is only available in .177 cal, but you can customize it to .22 cal by ordering the barrel from the Crosman Custom Shop or modifying it yourself."
"Based on the information provided, the SANOXY Remote Controlled Switch Socket operates using radio frequency and can perform through walls, doors, and floors up to 60' away. It allows remote and manual operation, but battery is not included, making it useful for controlling lamps or small appliances plugged into an AC outlet. Unfortunately, there is no specific information provided on how to open the remote box.","Upon examining the responses to opening the remote box of BH9936-3 Power Switches to insert battery, it is evident that most people have a neutral opinion, and they suggest pressing down on the arrow labeled ""open"" to access the battery compartment on the back of the remote. And a few people have a promising outlook, they suggest sliding the small battery door at the bottom of the remote down, and if it's difficult, a thin flat object can be used to force it open. Even so, only a few people have criticism with the product, and they suggest applying strong pressure and force to open the remote box if it is difficult to open for battery insertion."
"Based on the information provided, there is no specific mention about whether the rear sight uses the existing rear dovetail or mounts to the scope mount holes in the receiver. However, the Fire Sights from Williams Gun Sight are made from aircraft aluminum, with front beads made of steel, and are lightweight and easy to install.","Overall, customers have expressed mixed opinions about the mounting of Fire Sights Ruger 10/22's rear sight, on the positive side, they say the rear sight utilizes the existing rear dovetail, making it easy to install and adjust if needed and others feel unsatisfied, they report that the rear sight uses the existing rear dovetail, but caution to use a brass drift punch to avoid easily ruining it. The rest of other customers have provided objective feedback, and they report that the rear sight uses the existing dovetail and is held in place with a set screw."
"Based on the information provided, the Makita BTL061Z 18V LXT Lithium-Ion Cordless Angle Impact Driver is a versatile tool that comes with a built-in LED light, variable speed motor, and an ergonomic design. It weighs 3.7 lbs, has a convenient belt clip, 1/4"" hex chuck, and can generate up to 530 in.lbs. of Max Torque. It is compatible with Makita 18V LXT Lithium-Ion batteries and covered by a 3-year warranty. The tool is suitable for fastening and loosening tasks and ideal for HVAC, installers, cabinet installation, assembly, electricians, automotive mechanics, woodworkers, and any pro contractor.","When considering the responses to comparing the versatility of the Bare-Tool Makita BTL061Z 18-Volt LXT Lithium-Ion Cordless Angle Impact Driver (Tool Only, No Battery) to the same Makita tool with a 1/4"" impact socket head, and the possibility of purchasing an adapter for the former tool, many users enjoy using the product, they say the impact driver is more powerful and versatile, but if working in tight spaces, the standard drill may be better. Adapters are available for both. Meanwhile, there are a few customers who have different attitudes, they say the decision between this tool and the Makita tool with 1/4"" impact socket head depends on planned use and clearance room. They also suggest that this tool provides a more compact reach."
"Based on the information provided, the product does not mention any feature that could result in the circuit getting reversed when switching between positive and negative tones. However, the ultrasonic sound system may not work for every dog due to several factors such as age, hearing ability, and temperament. It is recommended to contact the customer care team for guidance in choosing the right training tool.","The feedback gathered about confusion with dog's reactions to positive and negative feedback while using PetSafe Ultrasonic Remote Trainer indicates a predominantly negative sentiment. Many people are disappointed with the product, they say the Positive and Negative circuits might be reversed since their dogs react opposite. Results vary, but some were not impressed with the product. Nonetheless, a proportion of people hold a optimistic outlook, and they report that their dogs respond positively to negative commands and show no alarm behavior. They use short bursts of positive commands to bring dogs inside."
"Based on the information provided, the product description and feature bulletpoints highlight that the Tanka Natural Buffalo Cranberry Bar is a real food bar made with grass-fed bison and tart-sweet cranberries. It is only 70 calories and provides 7 grams of protein. However, the exact amount of sugar in the bar is not mentioned.","Upon analyzing the feedback about the sugar content in a 1 ounce bar of Tanka's Slow Smoked Original Meat Bar made with Buffalo and Cranberries, it is clear that most people have a positive outlook. Many individuals have very positive attitude, they report that the bar contains only 6 grams of sugar, mostly from natural cranberries flavor, and it's not overpowering the meat taste. While a proportion hold a balanced opinion, they report that the bar contains 6g of sugar and 7g total carbs. Unclear if it's paleo-friendly. Further info available by clicking the bar icon."
"Based on the information provided, the AQUAFAUCET FAUCET has a 1/2"" standard connector and is easy to install. It is likely compatible with standard USA pipes. However, it is advised to consult a plumber or refer to the manufacturer's specification sheet for further information.","When considering the responses to compatibility of Aquafaucet 2 Handle Wall Mounted Tap with standard USA pipes, many users enjoy using the product, they say that the fittings are compatible with standard USA pipes, but some modifications may be required for wall-mounted installation. Meanwhile, there are a few customers who have different attitudes, they confirm that the fittings do not work with standard USA pipes. Meanwhile, only a few people state neutrally, and they are unsure if the fittings will work with standard USA pipes, but their plumber did not express any concern."
"Based on the information provided, there is no clear indication whether anyone has tried filling No/No Green Seed Ball Wild Bird Feeder with dryer lint for bird nests. The feeder has a beautiful green finish, made of all-metal mesh wire design that holds 1.12 pounds of black oil sunflower seeds, and is perfect for attracting various clinging birds while deterring squirrels and other small animals.","Most of the opinions to using dryer lint on Perky-Pet GSB00344 Green Seed Ball Wild Bird Feeder for birds to build their nests are neutral and objective, they suggest using kapok instead of dryer lint for bird nesting. The feeder is loved but not squirrel proof, and using dryer lint is untested. Nonetheless, a proportion of people hold a unsatisfied outlook, and they advise against using dryer lint due to harmful toxins and recommend using natural materials like twigs and pine needles instead."
"Based on the information provided, the plugCAM home network camera can be accessed using the plugCAM mobile app on a smartphone or tablet, and no PC software installation or network IP setting is required. A 500Mbps Powerline Network Adapter is used to transmit the digital video signal over the power line. Additionally, it has built-in infrared LEDs for better night vision and supports up to 7 single plugCAMs.","Based on the responses collected about accessing Brite-View BVC-500C Plugcam on a PC, it's evident that the product has both its supporters and detractors. Many users enjoy the product, they suggest downloading software from Brite-view's website to view the camera on a PC. Instructions and a program called IPcamsystem.exe are included. However, there were some users who had negative experiences, they say there is no PC app available for the product, only a smartphone app which is easy to set up but limited in options. The rest of other customers have provided objective feedback, and they prefer using their smartphone instead of their PC to view."
"Based on the information provided, the Kendal Masterpiece Watch Winder comes with a large cushion to hold large watches and accommodate both ladies and men’s watches, including big watches. The configurable watch retention cushions also ensure that the watch fits comfortably.","Opinions about the maximum watch size that can fit comfortably in the Kendal Single Automatic Wood Watch Winder Display Box tend to be more positive. Most are taking a positive view, they say the winder can fit a watch with a wide leather band like Cartier MC Tank without any worries. It fits a Breitling Super Ocean and a Rolex GMT, but may not accommodate two large watches simultaneously. The maximum size measured is 1.25 inches. Other people have objective opinions, they report that the winder has two slots for watches, each 0.75 inches wide, and a max band width of 0.75 inches. A Cartier MC Tank watch may fit uncomfortably due to its wide band."
"Based on the provided information, no promo codes have been mentioned for the Samsung LN52B750 LCD HDTV, which features Auto Motion Plus 240Hz technology, Full HD 1080p resolution, a 150,000:1 dynamic contrast ratio, four HDMI inputs, and internet@TV. It is ENERGY STAR compliant, has two 10W bottom speakers and SRS TruSurround HD.","After analyzing the responses gathered regarding inquiring for the best promo codes for Samsung LCDs, it appears that the sentiment is predominantly neutral and objective. Many people provide a balanced perspective, and they say Samsung promo codes are only applicable for Amazon purchases and certain dealers, but can be easily applied at checkout. Other people have promising opinions, they seek advice and explanation of the differences between Samsung *550, *650, *750 TVs. They are grateful for any help they receive."
"Based on the information provided, there is no specific information about the thickness of the black base of the Newton's Cradle. However, the product's feature bullet point mentions that the base is made of plastic, which makes it likely that stickers could adhere to it.","The responses to the thickness of the black base of Newton's Cradle Art in Motion, 7 1/4-Inch Balance Balls - Black Wooden Base for attaching stickers of attendees' names are varied, with some users reporting positive results and noting that they say the black base of the item is only about 3/8 of an inch thick or 0.9525 centimeters, which should be enough for attendee name stickers. However, other users have had negative opinions, they say the black base is very thin, less than 1 inch thick, made of plastic, and of poor quality. It is not recommended. Moreover, there are also some people who reply objectively, and they report that the black base of the item is about half an inch thick and suitable for putting stickers of attendees' names on them."
"Based on the information provided, there is no information related to double-clicking issues mentioned in several comments in the product information. However, the DXT 2 precision mouse is designed to promote a neutral wrist posture and precision grip, making it suitable for CAD operators who require improved accuracy and increased comfort. It is portable and can be used by both left and right-handed individuals.","When considering the responses to the prevalence of double clicking issues with the DXT Ergonomic Vertical Mouse for left and right hand PD7DXT 2 mentioned in several comments, many users enjoy using the product, they report no or very few double-clicking issues, except for a few who had used it for several years. Meanwhile, there are a few customers who have different attitudes, they report experiencing discomfort in the hand after only a few hours of use, but it is unclear how many have experienced double clicking issues. Even so, only a few people have balanced feedbacks, and they say that the double-clicking issue was reported by a few customers on the original DXT 1 Mouse, but it's resolved in the latest DXT Mouse 2, currently available on Amazon.com. Contact support through their website if needed."
"Based on the information provided, the product information does not explicitly mention whether it is backwards compatible with wireless G routers. However, this adapter is designed to deliver faster Wi-Fi speeds (up to 867 Mbps) than 802.11n, broader coverage, and extended capacity for more users. Additionally, it automatically updates content and is equipped with dual-mode Bluetooth 4.0 technology.","Upon analyzing the feedback about the compatibility of Intel Dual Band Wireless-AC 7260 plus Bluetooth Adapter (7260HMWDTX1) with wireless G routers, it is clear that most people have a positive outlook. Many individuals have very positive attitude, they say it is compatible with wireless G routers and supports a/b/g/n/ac IEEE standards. It can also be used with smart devices. While a proportion hold a disappointed opinion, they corrected the model number to AC-7260, but did not provide an answer to the question about backward compatibility with wireless G routers. Even so, only a few people have balanced feedbacks, and they say it should work on an AMD motherboard if compatible OS and drivers are installed, but Intel WIDI feature won't be available with AMD processor."
"Based on the information provided, the Baby Tremor PW is a 15"" powered subwoofer speaker designed for medium-sized live sound and DJ settings. It has a 3-channel amplifier built in, and can be used as a subwoofer or PA/DJ subwoofer. However, without further information on the mixer or the overall setup in question, it is impossible to provide specific instructions on how to use the Baby Tremor in this situation.","After analyzing the responses about using Seismic Audio - Baby-Tremor_PW - Powered 15"" Pro Audio Subwoofer Cabinet with an existing powered 15 inch speaker set up and mixer, most users hold the positive view, they suggest using XLR cables to connect the Baby Tremor to the mixer or powering the speakers through the satellite outputs. Simple and easy setup. While a part of users who have impartial opinions, they suggest connecting the Baby Tremor to a ""Booth Output"" or ""Line Input"" if available, or running it through the mixer's ""Amp Out"" and adjusting volume accordingly."
"Based on the information provided, the keyboard's material is not mentioned. The keyboard is designed for iPad 2 and serves both as a case and a soft, waterproof silicone keyboard. It has a durable PU leather case, works with various devices, and has a built-in power management system, including a lithium-ion battery that can last up to a week.","When it comes to the typing experience on the bluetooth keyboard of Newly Protective Case Bag Cover Protector for iPad 2, the responses are mixed, with some users expressing positive views and others having negative experiences. On the positive side, they say the keyboard looks nice and well-made, but doubt if a child could type fast on it. However, on the negative side, they say that the keyboard material and small keys make it difficult to type fast, requiring harder key presses and causing multiple keys to be clicked accidentally. Moreover, there are also some people who reply objectively, and they report that the keyboard keys are soft and easy to type on with usual errors."
"Based on the information provided, the DEWALT DW7670 8-Inch Stacked Dado Set performs well on plywood. It has micro-grain carbide teeth that deliver clean cuts and reduce splintering. It can make clean, smooth dado cuts, rabbet cuts, tenons, and half-lap joints in hard woods, soft woods, plywood, and melamine.","Based on the responses collected regarding the performance of DEWALT DW7670 8-Inch 24-Tooth Stacked Dado Set on plywood, it is evident that the majority of people have a positive perception. Many give positive answers, they say it works great on plywood, without significant splintering or tearout, and can adjust the width precisely. It leaves crisp edges and flat bottoms in the groove. While a part of people hold a neutral opinion, they speculate that it would be okay, but cannot confirm the product's performance on plywood."
"Based on the information provided, the Garmin Nuvi 855 supports a microSD card but it is unclear whether it can support cards larger than 4 GB. The device features voice-activated navigation, lane assist with junction view, a widescreen display, preloaded maps, and speech recognition to safely control the device's interface with the user's voice. It comes with an MP3 player, photo viewer, and other entertainment and travel tools.","After reviewing the feedback about the compatibility of microSD cards larger than 4 GB with Garmin NUVI 800 series units such as 850, 855, 880, and 885, it is apparent that the majority of people have a negative outlook, they had difficulty downloading maps to a 4GB micro SD card for their Garmin Nuvi 855 and are seeking assistance. Nevertheless, a part pf people hold a impartial view, they say that only microSD cards up to 4 GB are compatible with Garmin NUVI 800 series units, and the practical limit for the nuvi is 2GB. It is not necessary to buy a microSD card specifically from Garmin."
"Based on the information provided, the Artisanal Nut Butter Almond Raw Organic contains only 100% pure organic almonds without any additives, including sugar. It fits various diets and is certified as vegan, gluten-free, dairy-free, peanut-free, and certified R.A.W.","When examining the responses gathered about whether Artisana Organics Almond Butter has added sugar, as the customer is looking for an almond butter without any added sugar, it's apparent that users have differing opinions about the product. Some people have satisfied opinions, they report that the almond butter has no added sugar, only natural sugar found in almonds, and is made of raw, organic, and uncooked almonds while others had negative experiences, they say it doesn't require refrigeration and can stay shelf-stable for at least a few weeks after opening. The rest of other customers have provided objective feedback, and they confirm that the product has no added sugar and the only ingredient is raw almonds."
"Based on the information provided, the Mini Cooler measures 8 by 8 by 3-inch and is perfectly sized for a whole sandwich, snacks, or sliced fruit or cheese, hence it can fit more than a sandwich. It's designed to keep anything pack cooler, longer - up to ten hours. The coolers feature a patented eco-gel built permanently into the liner, eliminating the need for melting ice or bulky gel packs.","Opinions on the capacity of PackIt Freezable Mini Lunch Cooler seem to be divided among users. Some are giving affirmation to the product, highlighting its they say the mini packit can fit more than a sandwich, such as chips, cookies, fruit, and a short bottle while others have expressed dissatisfaction, they report the mini packit can only fit a sandwich container and small thermos, not much more. The rest of other customers have provided objective feedback, and they say the Mini Packit can fit more than a sandwich but it is difficult to fit large containers."
"Based on the provided information, the Ultimate Wondershade is a portable sun shade that comes with a telescoping, tripod base that adjusts its height between 3' to 8' tall; furthermore, the Wondershade comes with gust-proof vents that allow for passing air, and its tilt feature enhances its sun-blocking capability. While there is no specific mention of using it on pavement, the Wondershade does come with a built-in sand screw with a twist handle for use on the beach.","When examining the responses gathered about the stability of Wondershade Ultimate portable sun shade on pavement with tripod base, it's apparent that users have differing opinions about the product. Some people have satisfied opinions, they agree that the umbrella would stay up well on pavement, but suggest adding weight for stability, and caution against wind while others had negative experiences, they report that the product won't stay standing anywhere; it tends to tip over. However, if placed on pavement with a tripod base, it will be fine as long as there are no wind gusts. The rest of other customers have provided objective feedback, and [neutral summarization]."
"Based on the information provided, one can of BG 44K fuel system cleaner will treat 20 gallons of gasoline, making it suitable for treating a 10-gallon tank. The remaining solution can be used later, and it is compatible with all fuel system materials.","Upon examining the responses to using half of BG 44K Fuel System Cleaner Power Enhancer for a 10 gallon tank in a 2.0L Suzuki sx4, it is evident that most people have a neutral opinion, and they suggest using half of the can and saving the rest in a sealed container to avoid evaporation and potential damage to car parts. And a few people have a positive outlook, they suggest adjusting the quantity to match the tank capacity in order to use the product safely and efficiently."
"Based on the information provided, the recliner and ottoman set is described as having taupe bonded leather. However, the image and any mention of the color of the product in the description state that it is grey.","The overall feedback from customers about confusion regarding the color of Bonded Leather Recliner and Ottoman - Taupe has been mixed, several customers hold positive views, they clarify the confusion regarding the color, describing it as light taupe. Overall, they love the chair for its comfort and appearance, and it's easy to assemble while the others have expressed disappointment opinions, they say the product received matches the picture's taupe color. However, someone else reports that their chair is a dark, soft brown. The rest of other customers have provided objective feedback, and they confirm the leather recliners are not gray but ivory with yellow color, despite being labeled as taupe by the question asker."
"Based on the information provided, the shock cord has a threaded core consisting of tiny strands of premium grade rubber covered with a Heavy Duty woven braided outer jacket that is rough enough to hold a knot and it is designed to not become slippery when it gets wet.","Opinions about the composition of the 3/8"" x 50' Black Shock Bungee Rubber Rope Cord - Woven Jacketed tend to be more positive. Most are taking a positive view, they report that the product either has solid rubber inside or consists of strong little white rubber strings. Other people have poor opinions, they describe the product as consisting of multiple rubber strings, not solid rubber. One review advises against buying it. Meanwhile, only a few people state neutrally, and they report that the product has multiple rubber strands on the inside, not solid rubber."
